#options: 1080x1920 fps=60/1 timebase=1/60 bitdepth=8 cabac=1 ref=1 deblock=1:0:0 analyse=0x1:0 me=dia subme=2 psy=1 psy_rd=1.00:0.00 mixed_ref=0 me_range=16 chroma_me=1 trellis=0 8x8dct=0 cqm=0 deadzone=21,11 fast_pskip=1 chroma_qp_offset=0 threads=3 lookahead_threads=1 sliced_threads=0 nr=0 decimate=1 interlaced=0 bluray_compat=0 constrained_intra=0 bframes=3 b_pyramid=2 b_adapt=1 b_bias=0 direct=3 weightb=1 open_gop=0 weightp=2 keyint=250 keyint_min=25 scenecut=40 intra_refresh=0 rc_lookahead=50 rc=abr mbtree=1 bitrate=8000 ratetol=1.0 qcomp=0.60 qpmin=0 qpmax=69 qpstep=4 vbv_maxrate=9000 vbv_bufsize=16000 nal_hrd=none filler=0 ip_ratio=1.40 aq=1:1.00
in:0 out:0 type:I dur:2 cpbdur:2 q:29.91 aq:22.05 tex:597400 mv:176925 misc:6723 imb:8160 pmb:0 smb:0 d:- ref:;
in:4 out:1 type:P dur:2 cpbdur:2 q:30.50 aq:22.41 tex:111272 mv:27248 misc:6432 imb:625 pmb:3642 smb:3893 d:- ref:0 ;
in:2 out:2 type:B dur:2 cpbdur:2 q:30.50 aq:26.15 tex:5628 mv:15826 misc:4450 imb:52 pmb:2100 smb:6008 d:s ref:0 ;
in:1 out:3 type:b dur:2 cpbdur:2 q:30.50 aq:26.14 tex:2501 mv:10800 misc:4187 imb:22 pmb:1605 smb:6533 d:s ref:0 ;
in:3 out:4 type:b dur:2 cpbdur:2 q:30.50 aq:26.24 tex:1392 mv:4793 misc:2911 imb:10 pmb:567 smb:7583 d:- ref:0 ;
in:8 out:5 type:P dur:2 cpbdur:2 q:34.50 aq:26.37 tex:17144 mv:10752 misc:5064 imb:158 pmb:1321 smb:6681 d:s ref:0 ;
in:6 out:6 type:B dur:2 cpbdur:2 q:34.49 aq:28.46 tex:536 mv:3259 misc:2013 imb:2 pmb:383 smb:7775 d:t ref:0 ;
in:5 out:7 type:b dur:2 cpbdur:2 q:34.48 aq:31.20 tex:157 mv:1767 misc:1252 imb:0 pmb:182 smb:7978 d:s ref:0 ;
in:7 out:8 type:b dur:2 cpbdur:2 q:34.50 aq:31.34 tex:58 mv:403 misc:611 imb:0 pmb:42 smb:8118 d:- ref:0 ;
in:12 out:9 type:P dur:2 cpbdur:2 q:30.79 aq:22.59 tex:106252 mv:23113 misc:6491 imb:492 pmb:3712 smb:3956 d:s ref:0 ;
in:10 out:10 type:B dur:2 cpbdur:2 q:34.49 aq:28.57 tex:154 mv:1079 misc:1071 imb:0 pmb:134 smb:8026 d:t ref:0 ;
in:9 out:11 type:b dur:2 cpbdur:2 q:34.50 aq:29.00 tex:16 mv:174 misc:482 imb:0 pmb:16 smb:8144 d:s ref:0 ;
in:11 out:12 type:b dur:2 cpbdur:2 q:34.48 aq:27.00 tex:0 mv:0 misc:384 imb:0 pmb:0 smb:8160 d:- ref:0 ;
in:16 out:13 type:P dur:2 cpbdur:2 q:28.15 aq:19.79 tex:265711 mv:25524 misc:5109 imb:568 pmb:5127 smb:2465 d:s ref:0 ;
in:14 out:14 type:B dur:2 cpbdur:2 q:30.78 aq:23.80 tex:677 mv:365 misc:966 imb:2 pmb:91 smb:8067 d:t ref:0 ;
in:13 out:15 type:b dur:2 cpbdur:2 q:30.79 aq:24.21 tex:327 mv:120 misc:633 imb:4 pmb:35 smb:8121 d:s ref:0 ;
in:15 out:16 type:b dur:2 cpbdur:2 q:30.78 aq:25.06 tex:129 mv:37 misc:506 imb:0 pmb:17 smb:8143 d:- ref:0 ;
in:20 out:17 type:P dur:2 cpbdur:2 q:26.98 aq:18.69 tex:219254 mv:16633 misc:6561 imb:424 pmb:4894 smb:2842 d:s ref:0 ;
in:18 out:18 type:B dur:2 cpbdur:2 q:28.14 aq:21.00 tex:2284 mv:761 misc:1939 imb:15 pmb:264 smb:7881 d:s ref:0 ;
in:17 out:19 type:b dur:2 cpbdur:2 q:28.15 aq:22.16 tex:794 mv:280 misc:990 imb:7 pmb:93 smb:8060 d:s ref:0 ;
in:19 out:20 type:b dur:2 cpbdur:2 q:28.14 aq:22.64 tex:970 mv:317 misc:1033 imb:7 pmb:103 smb:8050 d:- ref:0 ;
in:24 out:21 type:P dur:2 cpbdur:2 q:25.80 aq:17.78 tex:248618 mv:16498 misc:6572 imb:476 pmb:5048 smb:2636 d:s ref:0 ;
in:22 out:22 type:B dur:2 cpbdur:2 q:26.98 aq:20.27 tex:4573 mv:1420 misc:2775 imb:23 pmb:456 smb:7681 d:s ref:0 ;
in:21 out:23 type:b dur:2 cpbdur:2 q:26.98 aq:21.14 tex:2490 mv:897 misc:1701 imb:29 pmb:217 smb:7914 d:s ref:0 ;
in:23 out:24 type:b dur:2 cpbdur:2 q:26.98 aq:21.35 tex:1430 mv:587 misc:1287 imb:18 pmb:137 smb:8005 d:- ref:0 ;
in:28 out:25 type:P dur:2 cpbdur:2 q:24.90 aq:17.07 tex:329068 mv:23328 misc:5884 imb:537 pmb:5400 smb:2223 d:s ref:0 ;
in:26 out:26 type:B dur:2 cpbdur:2 q:25.79 aq:19.72 tex:10807 mv:4062 misc:4707 imb:33 pmb:1004 smb:7123 d:s ref:0 ;
in:25 out:27 type:b dur:2 cpbdur:2 q:25.79 aq:20.54 tex:4327 mv:1306 misc:2327 imb:25 pmb:372 smb:7763 d:s ref:0 ;
in:27 out:28 type:b dur:2 cpbdur:2 q:25.79 aq:21.34 tex:8052 mv:2611 misc:3241 imb:42 pmb:578 smb:7540 d:- ref:0 ;
in:32 out:29 type:P dur:2 cpbdur:2 q:24.41 aq:16.77 tex:435069 mv:31520 misc:4963 imb:655 pmb:5621 smb:1884 d:s ref:0 ;
in:30 out:30 type:B dur:2 cpbdur:2 q:24.90 aq:19.08 tex:33096 mv:9518 misc:6458 imb:88 pmb:1841 smb:6231 d:s ref:0 ;
in:29 out:31 type:b dur:2 cpbdur:2 q:24.90 aq:20.49 tex:18019 mv:4867 misc:4466 imb:79 pmb:965 smb:7116 d:s ref:0 ;
in:31 out:32 type:b dur:2 cpbdur:2 q:24.90 aq:20.60 tex:22050 mv:6082 misc:4924 imb:83 pmb:1141 smb:6936 d:- ref:0 ;
in:36 out:33 type:P dur:2 cpbdur:2 q:24.37 aq:16.77 tex:449724 mv:34945 misc:4571 imb:781 pmb:5599 smb:1780 d:s ref:0 ;
in:34 out:34 type:B dur:2 cpbdur:2 q:24.41 aq:18.66 tex:59578 mv:15475 misc:7059 imb:146 pmb:2584 smb:5430 d:s ref:0 ;
in:33 out:35 type:b dur:2 cpbdur:2 q:24.41 aq:20.00 tex:31811 mv:8947 misc:5842 imb:106 pmb:1599 smb:6455 d:s ref:0 ;
in:35 out:36 type:b dur:2 cpbdur:2 q:24.41 aq:20.08 tex:32752 mv:8884 misc:5852 imb:130 pmb:1538 smb:6492 d:- ref:0 ;
in:40 out:37 type:P dur:2 cpbdur:2 q:24.53 aq:17.03 tex:433884 mv:36849 misc:4507 imb:864 pmb:5547 smb:1749 d:s ref:0 ;
in:38 out:38 type:B dur:2 cpbdur:2 q:24.53 aq:18.75 tex:61264 mv:16555 misc:7237 imb:153 pmb:2672 smb:5335 d:s ref:0 ;
in:37 out:39 type:b dur:2 cpbdur:2 q:24.53 aq:20.12 tex:30613 mv:9161 misc:5690 imb:115 pmb:1502 smb:6543 d:s ref:0 ;
in:39 out:40 type:b dur:2 cpbdur:2 q:24.53 aq:20.08 tex:36888 mv:10354 misc:6022 imb:142 pmb:1710 smb:6308 d:- ref:0 ;
in:44 out:41 type:P dur:2 cpbdur:2 q:24.72 aq:17.32 tex:411417 mv:36679 misc:4336 imb:858 pmb:5448 smb:1854 d:s ref:0 ;
in:42 out:42 type:B dur:2 cpbdur:2 q:24.72 aq:18.82 tex:67605 mv:17682 misc:7305 imb:172 pmb:2785 smb:5203 d:s ref:0 ;
in:41 out:43 type:b dur:2 cpbdur:2 q:24.72 aq:20.58 tex:30510 mv:9276 misc:5734 imb:101 pmb:1548 smb:6511 d:s ref:0 ;
in:43 out:44 type:b dur:2 cpbdur:2 q:24.72 aq:20.34 tex:32710 mv:10534 misc:5828 imb:129 pmb:1599 smb:6432 d:- ref:0 ;
in:48 out:45 type:P dur:2 cpbdur:2 q:24.88 aq:17.45 tex:427755 mv:39636 misc:4241 imb:1020 pmb:5381 smb:1759 d:s ref:0 ;
in:46 out:46 type:B dur:2 cpbdur:2 q:24.88 aq:19.03 tex:63102 mv:19396 misc:7342 imb:167 pmb:2828 smb:5165 d:s ref:0 ;
in:45 out:47 type:b dur:2 cpbdur:2 q:24.88 aq:20.45 tex:31237 mv:10801 misc:5946 imb:112 pmb:1679 smb:6369 d:s ref:0 ;
in:47 out:48 type:b dur:2 cpbdur:2 q:24.88 aq:20.62 tex:34152 mv:10866 misc:5910 imb:109 pmb:1650 smb:6401 d:- ref:0 ;
in:52 out:49 type:P dur:2 cpbdur:2 q:25.07 aq:17.71 tex:367740 mv:36639 misc:4677 imb:873 pmb:5264 smb:2023 d:s ref:0 ;
in:50 out:50 type:B dur:2 cpbdur:2 q:25.07 aq:19.32 tex:56903 mv:16859 misc:7022 imb:123 pmb:2559 smb:5478 d:s ref:0 ;
in:49 out:51 type:b dur:2 cpbdur:2 q:25.07 aq:20.80 tex:28101 mv:9759 misc:5540 imb:89 pmb:1496 smb:6575 d:s ref:0 ;
in:51 out:52 type:b dur:2 cpbdur:2 q:25.07 aq:20.85 tex:32038 mv:10592 misc:5642 imb:105 pmb:1533 smb:6522 d:- ref:0 ;
in:56 out:53 type:P dur:2 cpbdur:2 q:25.12 aq:18.03 tex:351818 mv:36332 misc:4946 imb:855 pmb:5177 smb:2128 d:s ref:0 ;
in:54 out:54 type:B dur:2 cpbdur:2 q:25.12 aq:19.37 tex:54571 mv:16747 misc:7002 imb:133 pmb:2457 smb:5570 d:s ref:0 ;
in:53 out:55 type:b dur:2 cpbdur:2 q:25.12 aq:21.03 tex:31052 mv:9629 misc:5575 imb:79 pmb:1485 smb:6596 d:s ref:0 ;
in:55 out:56 type:b dur:2 cpbdur:2 q:25.12 aq:20.92 tex:30526 mv:10353 misc:5529 imb:66 pmb:1562 smb:6532 d:- ref:0 ;
in:60 out:57 type:P dur:2 cpbdur:2 q:25.14 aq:17.72 tex:484983 mv:45362 misc:3671 imb:2001 pmb:4836 smb:1323 d:s ref:0 ;
in:58 out:58 type:B dur:2 cpbdur:2 q:25.14 aq:19.83 tex:50857 mv:17645 misc:7082 imb:159 pmb:2485 smb:5516 d:s ref:0 ;
in:57 out:59 type:b dur:2 cpbdur:2 q:25.14 aq:20.81 tex:37345 mv:12000 misc:6519 imb:94 pmb:2047 smb:6019 d:s ref:0 ;
in:59 out:60 type:b dur:2 cpbdur:2 q:25.14 aq:20.50 tex:26052 mv:12081 misc:6515 imb:114 pmb:1960 smb:6086 d:- ref:0 ;
in:64 out:61 type:P dur:2 cpbdur:2 q:25.40 aq:17.92 tex:356887 mv:36304 misc:4809 imb:917 pmb:5246 smb:1997 d:s ref:0 ;
in:62 out:62 type:B dur:2 cpbdur:2 q:25.40 aq:19.43 tex:50138 mv:16657 misc:7157 imb:144 pmb:2463 smb:5553 d:s ref:0 ;
in:61 out:63 type:b dur:2 cpbdur:2 q:25.40 aq:20.82 tex:21490 mv:10417 misc:5709 imb:105 pmb:1510 smb:6545 d:s ref:0 ;
in:63 out:64 type:b dur:2 cpbdur:2 q:25.40 aq:20.96 tex:18373 mv:8702 misc:4621 imb:93 pmb:1108 smb:6959 d:- ref:0 ;
in:68 out:65 type:P dur:2 cpbdur:2 q:25.44 aq:17.94 tex:367390 mv:37024 misc:4874 imb:858 pmb:5169 smb:2133 d:s ref:0 ;
in:66 out:66 type:B dur:2 cpbdur:2 q:25.44 aq:19.79 tex:46443 mv:17831 misc:6982 imb:115 pmb:2442 smb:5603 d:s ref:0 ;
in:65 out:67 type:b dur:2 cpbdur:2 q:25.44 aq:21.18 tex:22340 mv:11430 misc:5550 imb:87 pmb:1547 smb:6526 d:s ref:0 ;
in:67 out:68 type:b dur:2 cpbdur:2 q:25.44 aq:21.26 tex:25852 mv:10385 misc:5275 imb:71 pmb:1442 smb:6647 d:- ref:0 ;
in:72 out:69 type:P dur:2 cpbdur:2 q:25.46 aq:18.06 tex:314807 mv:35190 misc:5067 imb:740 pmb:5124 smb:2296 d:s ref:0 ;
in:70 out:70 type:B dur:2 cpbdur:2 q:25.46 aq:19.71 tex:40710 mv:15284 misc:6494 imb:112 pmb:2089 smb:5959 d:s ref:0 ;
in:69 out:71 type:b dur:2 cpbdur:2 q:25.46 aq:21.16 tex:25105 mv:8311 misc:4736 imb:81 pmb:1208 smb:6871 d:s ref:0 ;
in:71 out:72 type:b dur:2 cpbdur:2 q:25.46 aq:21.26 tex:23386 mv:9789 misc:4993 imb:65 pmb:1318 smb:6777 d:- ref:0 ;
in:76 out:73 type:P dur:2 cpbdur:2 q:25.39 aq:18.00 tex:350341 mv:37519 misc:4692 imb:799 pmb:5188 smb:2173 d:s ref:0 ;
in:74 out:74 type:B dur:2 cpbdur:2 q:25.46 aq:19.77 tex:46348 mv:18094 misc:6926 imb:115 pmb:2342 smb:5703 d:s ref:0 ;
in:73 out:75 type:b dur:2 cpbdur:2 q:25.46 aq:21.17 tex:26797 mv:10540 misc:5359 imb:70 pmb:1447 smb:6643 d:s ref:0 ;
in:75 out:76 type:b dur:2 cpbdur:2 q:25.46 aq:21.28 tex:28862 mv:11033 misc:5377 imb:78 pmb:1480 smb:6602 d:- ref:0 ;
in:80 out:77 type:P dur:2 cpbdur:2 q:25.40 aq:18.07 tex:345688 mv:36576 misc:5104 imb:772 pmb:5148 smb:2240 d:s ref:0 ;
in:78 out:78 type:B dur:2 cpbdur:2 q:25.40 aq:19.68 tex:52792 mv:20104 misc:6928 imb:131 pmb:2476 smb:5553 d:s ref:0 ;
in:77 out:79 type:b dur:2 cpbdur:2 q:25.40 aq:21.22 tex:31406 mv:10922 misc:5240 imb:71 pmb:1464 smb:6625 d:s ref:0 ;
in:79 out:80 type:b dur:2 cpbdur:2 q:25.40 aq:21.25 tex:32169 mv:11012 misc:5275 imb:67 pmb:1489 smb:6604 d:- ref:0 ;
in:84 out:81 type:P dur:2 cpbdur:2 q:25.42 aq:18.19 tex:351287 mv:37735 misc:4938 imb:879 pmb:5083 smb:2198 d:s ref:0 ;
in:82 out:82 type:B dur:2 cpbdur:2 q:25.42 aq:19.79 tex:55191 mv:21017 misc:6808 imb:138 pmb:2472 smb:5550 d:s ref:0 ;
in:81 out:83 type:b dur:2 cpbdur:2 q:25.42 aq:21.29 tex:32879 mv:11469 misc:5204 imb:84 pmb:1457 smb:6619 d:s ref:0 ;
in:83 out:84 type:b dur:2 cpbdur:2 q:25.42 aq:21.36 tex:38790 mv:12198 misc:5412 imb:92 pmb:1596 smb:6472 d:- ref:0 ;
in:88 out:85 type:P dur:2 cpbdur:2 q:25.47 aq:18.20 tex:353860 mv:39223 misc:4877 imb:934 pmb:4993 smb:2233 d:s ref:0 ;
in:86 out:86 type:B dur:2 cpbdur:2 q:25.47 aq:19.83 tex:60692 mv:22751 misc:6781 imb:132 pmb:2576 smb:5452 d:t ref:0 ;
in:85 out:87 type:b dur:2 cpbdur:2 q:25.47 aq:21.30 tex:39229 mv:13010 misc:5361 imb:84 pmb:1622 smb:6454 d:s ref:0 ;
in:87 out:88 type:b dur:2 cpbdur:2 q:25.47 aq:21.36 tex:40762 mv:12892 misc:5346 imb:79 pmb:1683 smb:6398 d:- ref:0 ;
in:92 out:89 type:P dur:2 cpbdur:2 q:25.54 aq:18.48 tex:351490 mv:39723 misc:4947 imb:899 pmb:4944 smb:2317 d:s ref:0 ;
in:90 out:90 type:B dur:2 cpbdur:2 q:25.54 aq:19.96 tex:58280 mv:24050 misc:6766 imb:148 pmb:2601 smb:5411 d:t ref:0 ;
in:89 out:91 type:b dur:2 cpbdur:2 q:25.54 aq:21.57 tex:41855 mv:13555 misc:5302 imb:98 pmb:1645 smb:6417 d:s ref:0 ;
in:91 out:92 type:b dur:2 cpbdur:2 q:25.54 aq:21.38 tex:42324 mv:14074 misc:5354 imb:96 pmb:1696 smb:6368 d:- ref:0 ;
in:96 out:93 type:P dur:2 cpbdur:2 q:25.62 aq:18.48 tex:349122 mv:40281 misc:4941 imb:920 pmb:4867 smb:2373 d:s ref:0 ;
in:94 out:94 type:B dur:2 cpbdur:2 q:25.62 aq:20.12 tex:62340 mv:23873 misc:6875 imb:152 pmb:2531 smb:5477 d:t ref:0 ;
in:93 out:95 type:b dur:2 cpbdur:2 q:25.62 aq:21.42 tex:39753 mv:13888 misc:5311 imb:77 pmb:1742 smb:6341 d:s ref:0 ;
in:95 out:96 type:b dur:2 cpbdur:2 q:25.62 aq:21.38 tex:41413 mv:14012 misc:5391 imb:83 pmb:1710 smb:6367 d:- ref:0 ;
in:100 out:97 type:P dur:2 cpbdur:2 q:25.70 aq:18.59 tex:355165 mv:40676 misc:4935 imb:924 pmb:4857 smb:2379 d:s ref:0 ;
in:98 out:98 type:B dur:2 cpbdur:2 q:25.70 aq:20.22 tex:58788 mv:25226 misc:6754 imb:150 pmb:2609 smb:5401 d:t ref:0 ;
in:97 out:99 type:b dur:2 cpbdur:2 q:25.70 aq:21.54 tex:38746 mv:14501 misc:5457 imb:79 pmb:1774 smb:6307 d:s ref:0 ;
in:99 out:100 type:b dur:2 cpbdur:2 q:25.70 aq:21.81 tex:36819 mv:14569 misc:5220 imb:93 pmb:1695 smb:6372 d:- ref:0 ;
in:104 out:101 type:P dur:2 cpbdur:2 q:25.78 aq:18.70 tex:351488 mv:41305 misc:4919 imb:893 pmb:4913 smb:2354 d:s ref:0 ;
in:102 out:102 type:B dur:2 cpbdur:2 q:25.78 aq:20.31 tex:53745 mv:25423 misc:6680 imb:147 pmb:2577 smb:5436 d:t ref:0 ;
in:101 out:103 type:b dur:2 cpbdur:2 q:25.78 aq:21.84 tex:36865 mv:15024 misc:5495 imb:81 pmb:1766 smb:6313 d:s ref:0 ;
in:103 out:104 type:b dur:2 cpbdur:2 q:25.78 aq:22.00 tex:39183 mv:15067 misc:5406 imb:73 pmb:1825 smb:6262 d:- ref:0 ;
in:108 out:105 type:P dur:2 cpbdur:2 q:25.85 aq:18.78 tex:353674 mv:40631 misc:4879 imb:834 pmb:4915 smb:2411 d:s ref:0 ;
in:106 out:106 type:B dur:2 cpbdur:2 q:25.85 aq:20.53 tex:53955 mv:25960 misc:6717 imb:144 pmb:2694 smb:5322 d:t ref:0 ;
in:105 out:107 type:b dur:2 cpbdur:2 q:25.85 aq:21.96 tex:32129 mv:15014 misc:5273 imb:75 pmb:1704 smb:6381 d:s ref:0 ;
in:107 out:108 type:b dur:2 cpbdur:2 q:25.85 aq:21.98 tex:38982 mv:15888 misc:5474 imb:62 pmb:1807 smb:6291 d:- ref:0 ;
in:112 out:109 type:P dur:2 cpbdur:2 q:25.92 aq:19.40 tex:367680 mv:44407 misc:4321 imb:1086 pmb:5226 smb:1848 d:s ref:0 ;
in:110 out:110 type:B dur:2 cpbdur:2 q:25.92 aq:20.76 tex:56194 mv:28958 misc:7064 imb:180 pmb:2978 smb:5002 d:t ref:0 ;
in:109 out:111 type:b dur:2 cpbdur:2 q:25.92 aq:22.18 tex:39282 mv:15625 misc:5693 imb:75 pmb:1946 smb:6139 d:s ref:0 ;
in:111 out:112 type:b dur:2 cpbdur:2 q:25.92 aq:21.96 tex:41899 mv:19086 misc:6239 imb:129 pmb:2195 smb:5836 d:- ref:0 ;
in:116 out:113 type:P dur:2 cpbdur:2 q:26.01 aq:19.84 tex:422539 mv:47505 misc:4012 imb:1437 pmb:4922 smb:1801 d:s ref:0 ;
in:114 out:114 type:B dur:2 cpbdur:2 q:26.01 aq:21.45 tex:73608 mv:35736 misc:7064 imb:391 pmb:3177 smb:4592 d:t ref:0 ;
in:113 out:115 type:b dur:2 cpbdur:2 q:26.01 aq:22.73 tex:38442 mv:21038 misc:6008 imb:221 pmb:2055 smb:5884 d:s ref:0 ;
in:115 out:116 type:b dur:2 cpbdur:2 q:26.01 aq:22.60 tex:37188 mv:23112 misc:6284 imb:226 pmb:2243 smb:5691 d:- ref:0 ;
in:120 out:117 type:P dur:2 cpbdur:2 q:26.20 aq:19.38 tex:386941 mv:46213 misc:4094 imb:1548 pmb:4803 smb:1809 d:s ref:0 ;
in:118 out:118 type:B dur:2 cpbdur:2 q:26.20 aq:21.67 tex:99708 mv:36267 misc:6881 imb:453 pmb:2993 smb:4714 d:t ref:0 ;
in:117 out:119 type:b dur:2 cpbdur:2 q:26.20 aq:23.23 tex:50045 mv:27058 misc:6185 imb:264 pmb:2360 smb:5536 d:s ref:0 ;
in:119 out:120 type:b dur:2 cpbdur:2 q:26.20 aq:23.06 tex:60593 mv:23208 misc:6279 imb:258 pmb:2236 smb:5666 d:- ref:0 ;
in:124 out:121 type:P dur:2 cpbdur:2 q:26.38 aq:19.36 tex:331788 mv:44704 misc:4652 imb:1128 pmb:5114 smb:1918 d:s ref:0 ;
in:122 out:122 type:B dur:2 cpbdur:2 q:26.38 aq:20.98 tex:57572 mv:28239 misc:7269 imb:156 pmb:3071 smb:4933 d:t ref:0 ;
in:121 out:123 type:b dur:2 cpbdur:2 q:26.38 aq:22.89 tex:32342 mv:15884 misc:5998 imb:79 pmb:2003 smb:6078 d:s ref:0 ;
in:123 out:124 type:b dur:2 cpbdur:2 q:26.38 aq:22.37 tex:10172 mv:8454 misc:5270 imb:49 pmb:1397 smb:6714 d:- ref:0 ;
in:128 out:125 type:P dur:2 cpbdur:2 q:26.48 aq:19.45 tex:334229 mv:43787 misc:4936 imb:1060 pmb:5103 smb:1997 d:s ref:0 ;
in:126 out:126 type:B dur:2 cpbdur:2 q:26.48 aq:21.52 tex:45313 mv:25124 misc:7003 imb:148 pmb:2687 smb:5325 d:t ref:0 ;
in:125 out:127 type:b dur:2 cpbdur:2 q:26.48 aq:22.88 tex:31633 mv:16257 misc:6054 imb:79 pmb:2003 smb:6078 d:s ref:0 ;
in:127 out:128 type:b dur:2 cpbdur:2 q:26.48 aq:23.10 tex:25470 mv:14158 misc:5588 imb:42 pmb:1817 smb:6301 d:- ref:0 ;
in:132 out:129 type:P dur:2 cpbdur:2 q:26.49 aq:19.45 tex:390061 mv:44167 misc:4828 imb:1008 pmb:5144 smb:2008 d:s ref:0 ;
in:130 out:130 type:B dur:2 cpbdur:2 q:26.49 aq:21.79 tex:52685 mv:26639 misc:7036 imb:142 pmb:2813 smb:5205 d:s ref:0 ;
in:129 out:131 type:b dur:2 cpbdur:2 q:26.49 aq:22.48 tex:20353 mv:15760 misc:6207 imb:79 pmb:1985 smb:6096 d:s ref:0 ;
in:131 out:132 type:b dur:2 cpbdur:2 q:26.49 aq:23.35 tex:27143 mv:15686 misc:6083 imb:72 pmb:1985 smb:6103 d:- ref:0 ;
in:136 out:133 type:P dur:2 cpbdur:2 q:26.59 aq:19.74 tex:376878 mv:40969 misc:5065 imb:874 pmb:5076 smb:2210 d:s ref:0 ;
in:134 out:134 type:B dur:2 cpbdur:2 q:26.59 aq:21.98 tex:50690 mv:25727 misc:6895 imb:148 pmb:2736 smb:5276 d:t ref:0 ;
in:133 out:135 type:b dur:2 cpbdur:2 q:26.59 aq:23.58 tex:34922 mv:14976 misc:5646 imb:88 pmb:1826 smb:6246 d:s ref:0 ;
in:135 out:136 type:b dur:2 cpbdur:2 q:26.59 aq:23.51 tex:31948 mv:14963 misc:5809 imb:68 pmb:1889 smb:6203 d:- ref:0 ;
in:140 out:137 type:P dur:2 cpbdur:2 q:26.65 aq:19.99 tex:367081 mv:43058 misc:4725 imb:1144 pmb:4968 smb:2048 d:s ref:0 ;
in:138 out:138 type:B dur:2 cpbdur:2 q:26.65 aq:21.90 tex:53418 mv:25967 misc:7007 imb:115 pmb:2941 smb:5104 d:t ref:0 ;
in:137 out:139 type:b dur:2 cpbdur:2 q:26.65 aq:23.63 tex:29993 mv:15523 misc:5812 imb:51 pmb:2002 smb:6107 d:s ref:0 ;
in:139 out:140 type:b dur:2 cpbdur:2 q:26.65 aq:23.31 tex:37213 mv:16959 misc:6012 imb:64 pmb:2120 smb:5976 d:- ref:0 ;
in:144 out:141 type:P dur:2 cpbdur:2 q:26.71 aq:20.30 tex:367935 mv:46006 misc:4067 imb:1528 pmb:4808 smb:1824 d:s ref:0 ;
in:142 out:142 type:B dur:2 cpbdur:2 q:26.71 aq:21.92 tex:57407 mv:28169 misc:6944 imb:152 pmb:3056 smb:4952 d:t ref:0 ;
in:141 out:143 type:b dur:2 cpbdur:2 q:26.71 aq:23.44 tex:34383 mv:16522 misc:5959 imb:63 pmb:2065 smb:6032 d:s ref:0 ;
in:143 out:144 type:b dur:2 cpbdur:2 q:26.71 aq:23.20 tex:30700 mv:16282 misc:5930 imb:71 pmb:2007 smb:6082 d:- ref:0 ;
in:148 out:145 type:P dur:2 cpbdur:2 q:26.79 aq:20.44 tex:369755 mv:47963 misc:3626 imb:2131 pmb:4464 smb:1565 d:s ref:0 ;
in:146 out:146 type:B dur:2 cpbdur:2 q:26.79 aq:21.71 tex:50247 mv:24629 misc:7228 imb:148 pmb:3043 smb:4969 d:s ref:0 ;
in:145 out:147 type:b dur:2 cpbdur:2 q:26.79 aq:22.87 tex:37191 mv:18006 misc:6275 imb:75 pmb:2381 smb:5704 d:s ref:0 ;
in:147 out:148 type:b dur:2 cpbdur:2 q:26.79 aq:22.81 tex:18907 mv:13108 misc:5913 imb:54 pmb:1815 smb:6291 d:- ref:0 ;
in:152 out:149 type:P dur:2 cpbdur:2 q:26.86 aq:20.65 tex:316974 mv:47624 misc:3690 imb:2142 pmb:4399 smb:1619 d:s ref:0 ;
in:150 out:150 type:B dur:2 cpbdur:2 q:26.86 aq:21.67 tex:38234 mv:23802 misc:7004 imb:160 pmb:2599 smb:5401 d:s ref:0 ;
in:149 out:151 type:b dur:2 cpbdur:2 q:26.86 aq:22.31 tex:15937 mv:15313 misc:6158 imb:78 pmb:1966 smb:6116 d:s ref:0 ;
in:151 out:152 type:b dur:2 cpbdur:2 q:26.86 aq:22.42 tex:13487 mv:12845 misc:5812 imb:57 pmb:1703 smb:6400 d:- ref:0 ;
in:156 out:153 type:P dur:2 cpbdur:2 q:26.86 aq:20.54 tex:353320 mv:50589 misc:3547 imb:2637 pmb:3975 smb:1548 d:s ref:0 ;
in:154 out:154 type:B dur:2 cpbdur:2 q:26.86 aq:21.83 tex:50544 mv:21273 misc:7175 imb:145 pmb:2832 smb:5183 d:s ref:0 ;
in:153 out:155 type:b dur:2 cpbdur:2 q:26.86 aq:22.67 tex:21602 mv:13122 misc:5948 imb:70 pmb:1828 smb:6262 d:s ref:0 ;
in:155 out:156 type:b dur:2 cpbdur:2 q:26.86 aq:22.89 tex:20262 mv:12089 misc:5761 imb:54 pmb:1740 smb:6366 d:- ref:0 ;
in:160 out:157 type:P dur:2 cpbdur:2 q:26.89 aq:20.65 tex:338994 mv:51411 misc:3299 imb:2646 pmb:4152 smb:1362 d:s ref:0 ;
in:158 out:158 type:B dur:2 cpbdur:2 q:26.89 aq:21.72 tex:43326 mv:17731 misc:7159 imb:146 pmb:2655 smb:5359 d:t ref:0 ;
in:157 out:159 type:b dur:2 cpbdur:2 q:26.89 aq:22.90 tex:25581 mv:12527 misc:6060 imb:85 pmb:1874 smb:6201 d:s ref:0 ;
in:159 out:160 type:b dur:2 cpbdur:2 q:26.89 aq:22.65 tex:21013 mv:10481 misc:5754 imb:59 pmb:1679 smb:6422 d:- ref:0 ;
in:164 out:161 type:P dur:2 cpbdur:2 q:26.90 aq:20.74 tex:318624 mv:51223 misc:3409 imb:2779 pmb:4010 smb:1371 d:s ref:0 ;
in:162 out:162 type:B dur:2 cpbdur:2 q:26.90 aq:21.70 tex:42068 mv:17365 misc:7255 imb:145 pmb:2696 smb:5319 d:t ref:0 ;
in:161 out:163 type:b dur:2 cpbdur:2 q:26.90 aq:22.58 tex:24898 mv:11366 misc:6104 imb:66 pmb:1873 smb:6221 d:s ref:0 ;
in:163 out:164 type:b dur:2 cpbdur:2 q:26.90 aq:22.57 tex:21782 mv:9812 misc:5830 imb:68 pmb:1681 smb:6411 d:- ref:0 ;
in:168 out:165 type:P dur:2 cpbdur:2 q:26.90 aq:20.71 tex:308916 mv:52683 misc:3473 imb:2892 pmb:4042 smb:1226 d:s ref:0 ;
in:166 out:166 type:B dur:2 cpbdur:2 q:26.90 aq:21.59 tex:47683 mv:18061 misc:7400 imb:190 pmb:2804 smb:5166 d:s ref:0 ;
in:165 out:167 type:b dur:2 cpbdur:2 q:26.90 aq:22.44 tex:22404 mv:10047 misc:5877 imb:65 pmb:1699 smb:6396 d:s ref:0 ;
in:167 out:168 type:b dur:2 cpbdur:2 q:26.90 aq:22.50 tex:22941 mv:11375 misc:6044 imb:78 pmb:1867 smb:6215 d:- ref:0 ;
in:172 out:169 type:P dur:2 cpbdur:2 q:26.89 aq:20.77 tex:307769 mv:52668 misc:3499 imb:2765 pmb:4084 smb:1311 d:s ref:0 ;
in:170 out:170 type:B dur:2 cpbdur:2 q:26.90 aq:21.61 tex:43670 mv:17503 misc:7211 imb:195 pmb:2575 smb:5390 d:s ref:0 ;
in:169 out:171 type:b dur:2 cpbdur:2 q:26.90 aq:22.47 tex:20047 mv:11463 misc:6074 imb:92 pmb:1766 smb:6302 d:s ref:0 ;
in:171 out:172 type:b dur:2 cpbdur:2 q:26.90 aq:22.62 tex:19631 mv:10497 misc:6056 imb:76 pmb:1737 smb:6347 d:- ref:0 ;
in:176 out:173 type:P dur:2 cpbdur:2 q:26.88 aq:20.54 tex:328460 mv:54844 misc:3504 imb:2742 pmb:4190 smb:1228 d:s ref:0 ;
in:174 out:174 type:B dur:2 cpbdur:2 q:26.89 aq:21.75 tex:42312 mv:17477 misc:7339 imb:151 pmb:2584 smb:5425 d:s ref:0 ;
in:173 out:175 type:b dur:2 cpbdur:2 q:26.89 aq:22.82 tex:28592 mv:11731 misc:6413 imb:85 pmb:1965 smb:6110 d:s ref:0 ;
in:175 out:176 type:b dur:2 cpbdur:2 q:26.89 aq:22.65 tex:18264 mv:10435 misc:5973 imb:70 pmb:1700 smb:6390 d:- ref:0 ;
in:180 out:177 type:P dur:2 cpbdur:2 q:26.88 aq:20.42 tex:308146 mv:49656 misc:4014 imb:2184 pmb:4523 smb:1453 d:s ref:0 ;
in:178 out:178 type:B dur:2 cpbdur:2 q:26.88 aq:21.75 tex:39315 mv:16575 misc:7270 imb:123 pmb:2524 smb:5513 d:t ref:0 ;
in:177 out:179 type:b dur:2 cpbdur:2 q:26.88 aq:22.75 tex:18783 mv:9635 misc:5934 imb:63 pmb:1636 smb:6461 d:s ref:0 ;
in:179 out:180 type:b dur:2 cpbdur:2 q:26.88 aq:23.09 tex:15382 mv:7773 misc:5325 imb:45 pmb:1340 smb:6775 d:- ref:0 ;
in:184 out:181 type:P dur:2 cpbdur:2 q:26.86 aq:20.41 tex:259525 mv:41244 misc:5215 imb:1506 pmb:4608 smb:2046 d:s ref:0 ;
in:182 out:182 type:B dur:2 cpbdur:2 q:26.88 aq:21.89 tex:39638 mv:15937 misc:6969 imb:98 pmb:2411 smb:5651 d:t ref:0 ;
in:181 out:183 type:b dur:2 cpbdur:2 q:26.88 aq:23.23 tex:18754 mv:8642 misc:5468 imb:41 pmb:1463 smb:6656 d:s ref:0 ;
in:183 out:184 type:b dur:2 cpbdur:2 q:26.88 aq:23.25 tex:18156 mv:7596 misc:5080 imb:41 pmb:1298 smb:6821 d:- ref:0 ;
in:188 out:185 type:P dur:2 cpbdur:2 q:26.79 aq:20.54 tex:242288 mv:37107 misc:5669 imb:1152 pmb:4456 smb:2552 d:s ref:0 ;
in:186 out:186 type:B dur:2 cpbdur:2 q:26.86 aq:21.94 tex:42366 mv:16299 misc:7007 imb:103 pmb:2421 smb:5636 d:t ref:0 ;
in:185 out:187 type:b dur:2 cpbdur:2 q:26.86 aq:23.06 tex:19673 mv:8594 misc:5461 imb:50 pmb:1467 smb:6643 d:s ref:0 ;
in:187 out:188 type:b dur:2 cpbdur:2 q:26.86 aq:22.96 tex:19915 mv:7620 misc:5185 imb:42 pmb:1380 smb:6738 d:- ref:0 ;
in:192 out:189 type:P dur:2 cpbdur:2 q:26.71 aq:20.64 tex:304250 mv:45273 misc:4421 imb:1838 pmb:4256 smb:2066 d:s ref:0 ;
in:190 out:190 type:B dur:2 cpbdur:2 q:26.79 aq:21.88 tex:49250 mv:18947 misc:7291 imb:135 pmb:2824 smb:5201 d:t ref:0 ;
in:189 out:191 type:b dur:2 cpbdur:2 q:26.79 aq:22.84 tex:24318 mv:11252 misc:6158 imb:74 pmb:1941 smb:6145 d:s ref:0 ;
in:191 out:192 type:b dur:2 cpbdur:2 q:26.79 aq:22.90 tex:24093 mv:12052 misc:6319 imb:84 pmb:1987 smb:6089 d:- ref:0 ;
in:196 out:193 type:P dur:2 cpbdur:2 q:26.69 aq:20.71 tex:320471 mv:47281 misc:4448 imb:2110 pmb:4549 smb:1501 d:s ref:0 w:0,1,-1 ;
in:194 out:194 type:B dur:2 cpbdur:2 q:26.71 aq:21.79 tex:66070 mv:25670 misc:7628 imb:199 pmb:3566 smb:4395 d:s ref:0 ;
in:193 out:195 type:b dur:2 cpbdur:2 q:26.71 aq:23.12 tex:35814 mv:16442 misc:7032 imb:116 pmb:2623 smb:5421 d:s ref:0 ;
in:195 out:196 type:b dur:2 cpbdur:2 q:26.71 aq:23.16 tex:31813 mv:13840 misc:6659 imb:89 pmb:2243 smb:5828 d:- ref:0 ;
in:200 out:197 type:P dur:2 cpbdur:2 q:26.71 aq:20.85 tex:355718 mv:49505 misc:4329 imb:2224 pmb:4536 smb:1400 d:s ref:0 w:7,127,0 ;
in:198 out:198 type:B dur:2 cpbdur:2 q:26.71 aq:21.97 tex:71104 mv:25660 misc:7492 imb:220 pmb:3307 smb:4633 d:t ref:0 ;
in:197 out:199 type:b dur:2 cpbdur:2 q:26.71 aq:23.41 tex:46086 mv:16334 misc:6860 imb:103 pmb:2672 smb:5385 d:s ref:0 ;
in:199 out:200 type:b dur:2 cpbdur:2 q:26.71 aq:22.87 tex:35166 mv:16933 misc:6845 imb:133 pmb:2401 smb:5626 d:- ref:0 ;
in:204 out:201 type:P dur:2 cpbdur:2 q:26.78 aq:20.96 tex:403232 mv:53970 misc:3614 imb:2619 pmb:4502 smb:1039 d:s ref:0 w:7,127,0 ;
in:202 out:202 type:B dur:2 cpbdur:2 q:26.78 aq:22.05 tex:78019 mv:29909 misc:7696 imb:272 pmb:3642 smb:4246 d:s ref:0 ;
in:201 out:203 type:b dur:2 cpbdur:2 q:26.78 aq:23.29 tex:49068 mv:19328 misc:7228 imb:155 pmb:2881 smb:5124 d:s ref:0 ;
in:203 out:204 type:b dur:2 cpbdur:2 q:26.78 aq:23.18 tex:33846 mv:17486 misc:7084 imb:116 pmb:2588 smb:5456 d:- ref:0 ;
in:208 out:205 type:P dur:2 cpbdur:2 q:26.90 aq:21.17 tex:476700 mv:56677 misc:3255 imb:2888 pmb:4150 smb:1122 d:s ref:0 ;
in:206 out:206 type:B dur:2 cpbdur:2 q:26.90 aq:22.45 tex:95329 mv:26527 misc:7432 imb:171 pmb:3607 smb:4382 d:t ref:0 ;
in:205 out:207 type:b dur:2 cpbdur:2 q:26.90 aq:23.10 tex:26513 mv:16054 misc:6817 imb:91 pmb:2304 smb:5765 d:s ref:0 ;
in:207 out:208 type:b dur:2 cpbdur:2 q:26.90 aq:23.59 tex:50881 mv:17990 misc:7065 imb:137 pmb:2895 smb:5128 d:- ref:0 ;
in:212 out:209 type:P dur:2 cpbdur:2 q:27.08 aq:21.37 tex:513276 mv:57506 misc:3122 imb:2893 pmb:4246 smb:1021 d:s ref:0 ;
in:210 out:210 type:B dur:2 cpbdur:2 q:27.08 aq:22.69 tex:74393 mv:26058 misc:7661 imb:229 pmb:3451 smb:4480 d:t ref:0 ;
in:209 out:211 type:b dur:2 cpbdur:2 q:27.08 aq:23.50 tex:50048 mv:17929 misc:7031 imb:147 pmb:2757 smb:5256 d:s ref:0 ;
in:211 out:212 type:b dur:2 cpbdur:2 q:27.08 aq:23.32 tex:30146 mv:15655 misc:6967 imb:102 pmb:2610 smb:5448 d:- ref:0 ;
in:216 out:213 type:P dur:2 cpbdur:2 q:27.27 aq:21.73 tex:452152 mv:53671 misc:3657 imb:2520 pmb:4412 smb:1228 d:s ref:0 ;
in:214 out:214 type:B dur:2 cpbdur:2 q:27.27 aq:22.71 tex:103883 mv:25010 misc:7211 imb:151 pmb:3676 smb:4333 d:s ref:0 ;
in:213 out:215 type:b dur:2 cpbdur:2 q:27.27 aq:23.32 tex:13336 mv:10570 misc:5430 imb:59 pmb:1399 smb:6702 d:s ref:0 ;
in:215 out:216 type:b dur:2 cpbdur:2 q:27.27 aq:24.73 tex:51459 mv:12807 misc:6038 imb:68 pmb:2236 smb:5856 d:- ref:0 ;
in:220 out:217 type:P dur:2 cpbdur:2 q:27.42 aq:21.75 tex:607458 mv:61509 misc:2481 imb:3423 pmb:4086 smb:651 d:s ref:0 ;
in:218 out:218 type:B dur:2 cpbdur:2 q:27.42 aq:23.05 tex:153037 mv:35588 misc:6943 imb:384 pmb:4284 smb:3492 d:s ref:0 ;
in:217 out:219 type:b dur:2 cpbdur:2 q:27.42 aq:24.25 tex:54884 mv:19173 misc:6951 imb:173 pmb:2781 smb:5206 d:s ref:0 ;
in:219 out:220 type:b dur:2 cpbdur:2 q:27.42 aq:23.81 tex:36849 mv:18437 misc:6026 imb:177 pmb:1858 smb:6125 d:- ref:0 ;
in:224 out:221 type:P dur:2 cpbdur:2 q:27.71 aq:22.04 tex:505718 mv:55098 misc:3576 imb:2637 pmb:4335 smb:1188 d:s ref:0 ;
in:222 out:222 type:B dur:2 cpbdur:2 q:27.71 aq:23.40 tex:79371 mv:24076 misc:6849 imb:235 pmb:2697 smb:5228 d:s ref:0 ;
in:221 out:223 type:b dur:2 cpbdur:2 q:27.71 aq:24.39 tex:22734 mv:10655 misc:4099 imb:40 pmb:1163 smb:6957 d:s ref:0 ;
in:223 out:224 type:b dur:2 cpbdur:2 q:27.71 aq:23.77 tex:28406 mv:15752 misc:5778 imb:74 pmb:1792 smb:6294 d:- ref:0 ;
in:228 out:225 type:P dur:2 cpbdur:2 q:27.89 aq:22.36 tex:640417 mv:57214 misc:3185 imb:2544 pmb:4328 smb:1288 d:s ref:0 ;
in:226 out:226 type:B dur:2 cpbdur:2 q:27.89 aq:23.92 tex:114677 mv:23265 misc:7066 imb:162 pmb:3408 smb:4590 d:s ref:0 ;
in:225 out:227 type:b dur:2 cpbdur:2 q:27.89 aq:25.38 tex:42244 mv:13077 misc:5751 imb:42 pmb:2044 smb:6074 d:s ref:0 ;
in:227 out:228 type:b dur:2 cpbdur:2 q:27.89 aq:24.97 tex:26989 mv:8481 misc:5378 imb:38 pmb:1530 smb:6592 d:- ref:0 ;
in:232 out:229 type:P dur:2 cpbdur:2 q:28.15 aq:22.34 tex:707907 mv:57893 misc:3040 imb:2705 pmb:4348 smb:1107 d:s ref:0 ;
in:230 out:230 type:B dur:2 cpbdur:2 q:28.15 aq:24.01 tex:129286 mv:27411 misc:7055 imb:155 pmb:4131 smb:3874 d:s ref:0 ;
in:229 out:231 type:b dur:2 cpbdur:2 q:28.15 aq:25.03 tex:15757 mv:10965 misc:6054 imb:69 pmb:1813 smb:6278 d:s ref:0 ;
in:231 out:232 type:b dur:2 cpbdur:2 q:28.15 aq:24.41 tex:13879 mv:9831 misc:4674 imb:44 pmb:1149 smb:6967 d:- ref:0 ;
in:234 out:233 type:P dur:2 cpbdur:2 q:28.47 aq:21.96 tex:476001 mv:36891 misc:4340 imb:964 pmb:4902 smb:2294 d:s ref:0 ;
in:233 out:234 type:b dur:2 cpbdur:2 q:28.47 aq:26.15 tex:24360 mv:6911 misc:3977 imb:18 pmb:1032 smb:7110 d:s ref:0 ;
in:238 out:235 type:P dur:2 cpbdur:2 q:28.46 aq:21.69 tex:485779 mv:36294 misc:3983 imb:881 pmb:5418 smb:1861 d:s ref:0 ;
in:236 out:236 type:B dur:2 cpbdur:2 q:28.47 aq:23.99 tex:33064 mv:10919 misc:7089 imb:96 pmb:2445 smb:5619 d:s ref:0 ;
in:235 out:237 type:b dur:2 cpbdur:2 q:28.47 aq:25.25 tex:5175 mv:7289 misc:5408 imb:28 pmb:1643 smb:6489 d:s ref:0 ;
in:237 out:238 type:b dur:2 cpbdur:2 q:28.47 aq:23.78 tex:1091 mv:882 misc:1467 imb:12 pmb:243 smb:7905 d:- ref:0 ;
in:242 out:239 type:P dur:2 cpbdur:2 q:28.71 aq:22.80 tex:135307 mv:16130 misc:7027 imb:409 pmb:3504 smb:4247 d:s ref:0 ;
in:240 out:240 type:B dur:2 cpbdur:2 q:28.71 aq:24.88 tex:12083 mv:6020 misc:4105 imb:93 pmb:876 smb:7191 d:s ref:0 ;
in:239 out:241 type:b dur:2 cpbdur:2 q:28.71 aq:23.95 tex:960 mv:1547 misc:1253 imb:15 pmb:203 smb:7942 d:s ref:0 ;
in:241 out:242 type:b dur:2 cpbdur:2 q:28.71 aq:25.26 tex:1498 mv:1844 misc:1314 imb:20 pmb:221 smb:7919 d:- ref:0 ;
in:246 out:243 type:P dur:2 cpbdur:2 q:28.51 aq:23.60 tex:69870 mv:12059 misc:6191 imb:603 pmb:1834 smb:5723 d:s ref:0 ;
in:244 out:244 type:B dur:2 cpbdur:2 q:28.71 aq:24.88 tex:32677 mv:8960 misc:4035 imb:74 pmb:1021 smb:7065 d:s ref:0 ;
in:243 out:245 type:b dur:2 cpbdur:2 q:28.71 aq:24.98 tex:5469 mv:2701 misc:1118 imb:36 pmb:198 smb:7926 d:s ref:0 ;
in:245 out:246 type:b dur:2 cpbdur:2 q:28.71 aq:24.86 tex:11722 mv:4668 misc:1258 imb:41 pmb:343 smb:7776 d:- ref:0 ;
in:248 out:247 type:P dur:2 cpbdur:2 q:28.28 aq:25.12 tex:10597 mv:6837 misc:4662 imb:309 pmb:1027 smb:6824 d:s ref:0 ;
in:247 out:248 type:b dur:2 cpbdur:2 q:28.51 aq:23.70 tex:5826 mv:837 misc:1241 imb:23 pmb:205 smb:7932 d:s ref:0 ;
in:249 out:249 type:I dur:2 cpbdur:2 q:25.10 aq:17.86 tex:1043973 mv:227286 misc:677 imb:8160 pmb:0 smb:0 d:s ref:;
in:253 out:250 type:P dur:2 cpbdur:2 q:28.38 aq:20.79 tex:214885 mv:46171 misc:5744 imb:1417 pmb:4731 smb:2012 d:s ref:0 ;
in:251 out:251 type:B dur:2 cpbdur:2 q:28.38 aq:23.01 tex:14245 mv:21159 misc:6756 imb:133 pmb:2052 smb:5975 d:t ref:0 ;
in:250 out:252 type:b dur:2 cpbdur:2 q:28.38 aq:24.04 tex:4688 mv:11200 misc:5208 imb:45 pmb:1312 smb:6803 d:t ref:0 ;
in:252 out:253 type:b dur:2 cpbdur:2 q:28.38 aq:23.88 tex:9060 mv:15521 misc:6283 imb:138 pmb:1695 smb:6327 d:- ref:0 ;
in:257 out:254 type:P dur:2 cpbdur:2 q:28.58 aq:20.83 tex:217478 mv:42532 misc:5902 imb:1278 pmb:4827 smb:2055 d:s ref:0 ;
in:255 out:255 type:B dur:2 cpbdur:2 q:28.58 aq:23.35 tex:16475 mv:17034 misc:6795 imb:102 pmb:1997 smb:6061 d:t ref:0 ;
in:254 out:256 type:b dur:2 cpbdur:2 q:28.58 aq:23.52 tex:5712 mv:10233 misc:5031 imb:55 pmb:1176 smb:6929 d:s ref:0 ;
in:256 out:257 type:b dur:2 cpbdur:2 q:28.58 aq:24.12 tex:5212 mv:8345 misc:4931 imb:40 pmb:1147 smb:6973 d:- ref:0 ;
in:261 out:258 type:P dur:2 cpbdur:2 q:28.49 aq:20.66 tex:236506 mv:33068 misc:6562 imb:812 pmb:4671 smb:2677 d:s ref:0 ;
in:259 out:259 type:B dur:2 cpbdur:2 q:28.58 aq:23.19 tex:10282 mv:11249 misc:6325 imb:73 pmb:1807 smb:6280 d:s ref:0 ;
in:258 out:260 type:b dur:2 cpbdur:2 q:28.58 aq:23.30 tex:4053 mv:4384 misc:3283 imb:42 pmb:625 smb:7493 d:s ref:0 ;
in:260 out:261 type:b dur:2 cpbdur:2 q:28.58 aq:22.55 tex:1678 mv:1563 misc:1823 imb:21 pmb:295 smb:7844 d:- ref:0 ;
in:265 out:262 type:P dur:2 cpbdur:2 q:28.39 aq:20.55 tex:252490 mv:30331 misc:6603 imb:617 pmb:4701 smb:2842 d:s ref:0 ;
in:263 out:263 type:B dur:2 cpbdur:2 q:28.49 aq:22.39 tex:8018 mv:5074 misc:4140 imb:63 pmb:869 smb:7228 d:s ref:0 ;
in:262 out:264 type:b dur:2 cpbdur:2 q:28.49 aq:22.70 tex:2471 mv:1669 misc:2228 imb:33 pmb:353 smb:7774 d:s ref:0 ;
in:264 out:265 type:b dur:2 cpbdur:2 q:28.49 aq:21.98 tex:7973 mv:2377 misc:1874 imb:27 pmb:340 smb:7793 d:- ref:0 ;
in:267 out:266 type:P dur:2 cpbdur:2 q:28.28 aq:19.91 tex:231722 mv:26359 misc:6815 imb:495 pmb:4724 smb:2941 d:s ref:0 ;
in:266 out:267 type:b dur:2 cpbdur:2 q:28.39 aq:22.64 tex:5369 mv:1977 misc:1950 imb:30 pmb:382 smb:7748 d:s ref:0 ;
in:271 out:268 type:P dur:2 cpbdur:2 q:28.20 aq:19.65 tex:255766 mv:27068 misc:6630 imb:484 pmb:4783 smb:2893 d:s ref:0 ;
in:269 out:269 type:B dur:2 cpbdur:2 q:28.28 aq:22.02 tex:10725 mv:4030 misc:4093 imb:42 pmb:901 smb:7217 d:s ref:0 ;
in:268 out:270 type:b dur:2 cpbdur:2 q:28.28 aq:22.67 tex:3995 mv:2037 misc:1896 imb:17 pmb:365 smb:7778 d:s ref:0 ;
in:270 out:271 type:b dur:2 cpbdur:2 q:28.28 aq:22.00 tex:1957 mv:1880 misc:1643 imb:10 pmb:305 smb:7845 d:- ref:0 ;
in:275 out:272 type:P dur:2 cpbdur:2 q:28.18 aq:19.79 tex:192838 mv:19452 misc:6942 imb:256 pmb:4170 smb:3734 d:s ref:0 ;
in:273 out:273 type:B dur:2 cpbdur:2 q:28.20 aq:21.18 tex:5557 mv:2500 misc:3151 imb:17 pmb:637 smb:7506 d:s ref:0 ;
in:272 out:274 type:b dur:2 cpbdur:2 q:28.20 aq:22.85 tex:1552 mv:1223 misc:1513 imb:6 pmb:263 smb:7891 d:s ref:0 ;
in:274 out:275 type:b dur:2 cpbdur:2 q:28.20 aq:22.23 tex:1589 mv:808 misc:1555 imb:8 pmb:230 smb:7922 d:- ref:0 ;
in:279 out:276 type:P dur:2 cpbdur:2 q:28.02 aq:19.56 tex:213454 mv:20656 misc:6706 imb:317 pmb:4379 smb:3464 d:s ref:0 ;
in:277 out:277 type:B dur:2 cpbdur:2 q:28.18 aq:21.62 tex:5096 mv:1863 misc:3233 imb:22 pmb:575 smb:7563 d:s ref:0 ;
in:276 out:278 type:b dur:2 cpbdur:2 q:28.18 aq:22.15 tex:1379 mv:1021 misc:1488 imb:11 pmb:285 smb:7864 d:s ref:0 ;
in:278 out:279 type:b dur:2 cpbdur:2 q:28.18 aq:22.29 tex:1376 mv:542 misc:1410 imb:13 pmb:158 smb:7989 d:- ref:0 ;
in:283 out:280 type:P dur:2 cpbdur:2 q:27.88 aq:19.46 tex:162277 mv:18009 misc:6866 imb:248 pmb:4111 smb:3801 d:s ref:0 ;
in:281 out:281 type:B dur:2 cpbdur:2 q:28.02 aq:21.38 tex:3575 mv:957 misc:2492 imb:15 pmb:377 smb:7768 d:s ref:0 ;
in:280 out:282 type:b dur:2 cpbdur:2 q:28.02 aq:22.17 tex:930 mv:352 misc:1094 imb:6 pmb:111 smb:8043 d:s ref:0 ;
in:282 out:283 type:b dur:2 cpbdur:2 q:28.02 aq:22.26 tex:1009 mv:233 misc:1054 imb:5 pmb:101 smb:8054 d:- ref:0 ;
in:287 out:284 type:P dur:2 cpbdur:2 q:27.70 aq:19.29 tex:189808 mv:20782 misc:6562 imb:291 pmb:4479 smb:3390 d:s ref:0 ;
in:285 out:285 type:B dur:2 cpbdur:2 q:27.88 aq:21.18 tex:5355 mv:1851 misc:3202 imb:18 pmb:545 smb:7597 d:s ref:0 ;
in:284 out:286 type:b dur:2 cpbdur:2 q:27.88 aq:21.61 tex:1259 mv:403 misc:1346 imb:9 pmb:149 smb:8002 d:s ref:0 ;
in:286 out:287 type:b dur:2 cpbdur:2 q:27.88 aq:21.78 tex:960 mv:302 misc:1122 imb:9 pmb:109 smb:8042 d:- ref:0 ;
in:291 out:288 type:P dur:2 cpbdur:2 q:27.55 aq:19.21 tex:197135 mv:21195 misc:6750 imb:274 pmb:4523 smb:3363 d:s ref:0 ;
in:289 out:289 type:B dur:2 cpbdur:2 q:27.70 aq:21.22 tex:4932 mv:1332 misc:2944 imb:14 pmb:483 smb:7663 d:s ref:0 ;
in:288 out:290 type:b dur:2 cpbdur:2 q:27.70 aq:21.84 tex:1160 mv:397 misc:1107 imb:2 pmb:121 smb:8037 d:s ref:0 ;
in:290 out:291 type:b dur:2 cpbdur:2 q:27.70 aq:21.54 tex:1498 mv:357 misc:1377 imb:3 pmb:159 smb:7998 d:- ref:0 ;
in:295 out:292 type:P dur:2 cpbdur:2 q:27.40 aq:19.13 tex:206321 mv:22669 misc:6522 imb:262 pmb:4682 smb:3216 d:s ref:0 ;
in:293 out:293 type:B dur:2 cpbdur:2 q:27.55 aq:21.42 tex:5686 mv:2080 misc:3434 imb:22 pmb:605 smb:7533 d:s ref:0 ;
in:292 out:294 type:b dur:2 cpbdur:2 q:27.55 aq:21.58 tex:2278 mv:835 misc:1759 imb:11 pmb:231 smb:7918 d:s ref:0 ;
in:294 out:295 type:b dur:2 cpbdur:2 q:27.55 aq:21.67 tex:1261 mv:415 misc:1244 imb:7 pmb:133 smb:8020 d:- ref:0 ;
in:299 out:296 type:P dur:2 cpbdur:2 q:27.25 aq:19.05 tex:192084 mv:22202 misc:6690 imb:264 pmb:4677 smb:3219 d:s ref:0 ;
in:297 out:297 type:B dur:2 cpbdur:2 q:27.40 aq:20.85 tex:4829 mv:1532 misc:3151 imb:15 pmb:530 smb:7615 d:s ref:0 ;
in:296 out:298 type:b dur:2 cpbdur:2 q:27.40 aq:21.44 tex:1549 mv:490 misc:1601 imb:6 pmb:201 smb:7953 d:s ref:0 ;
in:298 out:299 type:b dur:2 cpbdur:2 q:27.40 aq:21.74 tex:1449 mv:427 misc:1332 imb:8 pmb:147 smb:8005 d:- ref:0 ;
in:303 out:300 type:P dur:2 cpbdur:2 q:27.10 aq:18.87 tex:226025 mv:25729 misc:6350 imb:308 pmb:4956 smb:2896 d:s ref:0 ;
in:301 out:301 type:B dur:2 cpbdur:2 q:27.25 aq:20.79 tex:8274 mv:2799 misc:4095 imb:29 pmb:798 smb:7333 d:s ref:0 ;
in:300 out:302 type:b dur:2 cpbdur:2 q:27.25 aq:21.33 tex:1306 mv:438 misc:1408 imb:5 pmb:163 smb:7992 d:s ref:0 ;
in:302 out:303 type:b dur:2 cpbdur:2 q:27.25 aq:21.59 tex:1176 mv:416 misc:1336 imb:4 pmb:150 smb:8006 d:- ref:0 ;
in:307 out:304 type:P dur:2 cpbdur:2 q:26.97 aq:18.79 tex:222406 mv:25595 misc:6279 imb:298 pmb:5002 smb:2860 d:s ref:0 ;
in:305 out:305 type:B dur:2 cpbdur:2 q:27.10 aq:21.02 tex:7953 mv:2602 misc:4173 imb:21 pmb:822 smb:7317 d:s ref:0 ;
in:304 out:306 type:b dur:2 cpbdur:2 q:27.10 aq:21.51 tex:2147 mv:687 misc:1734 imb:11 pmb:218 smb:7931 d:s ref:0 ;
in:306 out:307 type:b dur:2 cpbdur:2 q:27.10 aq:21.62 tex:2088 mv:658 misc:1686 imb:2 pmb:222 smb:7936 d:- ref:0 ;
in:311 out:308 type:P dur:2 cpbdur:2 q:26.84 aq:18.76 tex:232958 mv:26053 misc:6205 imb:343 pmb:5036 smb:2781 d:s ref:0 ;
in:309 out:309 type:B dur:2 cpbdur:2 q:26.97 aq:20.64 tex:7654 mv:2630 misc:4204 imb:23 pmb:845 smb:7292 d:s ref:0 ;
in:308 out:310 type:b dur:2 cpbdur:2 q:26.97 aq:21.66 tex:2386 mv:990 misc:2152 imb:7 pmb:312 smb:7841 d:s ref:0 ;
in:310 out:311 type:b dur:2 cpbdur:2 q:26.97 aq:21.61 tex:1829 mv:654 misc:1853 imb:4 pmb:245 smb:7911 d:- ref:0 ;
in:315 out:312 type:P dur:2 cpbdur:2 q:26.72 aq:18.66 tex:233554 mv:27128 misc:6238 imb:335 pmb:5209 smb:2616 d:s ref:0 ;
in:313 out:313 type:B dur:2 cpbdur:2 q:26.84 aq:20.86 tex:10783 mv:3563 misc:5062 imb:33 pmb:1112 smb:7015 d:s ref:0 ;
in:312 out:314 type:b dur:2 cpbdur:2 q:26.84 aq:21.26 tex:2303 mv:737 misc:1936 imb:7 pmb:258 smb:7895 d:s ref:0 ;
in:314 out:315 type:b dur:2 cpbdur:2 q:26.84 aq:21.45 tex:2787 mv:885 misc:2248 imb:12 pmb:321 smb:7827 d:- ref:0 ;
in:319 out:316 type:P dur:2 cpbdur:2 q:26.60 aq:18.49 tex:249695 mv:28256 misc:6193 imb:390 pmb:5263 smb:2507 d:s ref:0 ;
in:317 out:317 type:B dur:2 cpbdur:2 q:26.72 aq:20.67 tex:12696 mv:4200 misc:5296 imb:46 pmb:1213 smb:6901 d:s ref:0 ;
in:316 out:318 type:b dur:2 cpbdur:2 q:26.72 aq:21.45 tex:2457 mv:763 misc:2108 imb:5 pmb:302 smb:7853 d:s ref:0 ;
in:318 out:319 type:b dur:2 cpbdur:2 q:26.72 aq:20.49 tex:2147 mv:781 misc:2000 imb:5 pmb:278 smb:7877 d:- ref:0 ;
in:323 out:320 type:P dur:2 cpbdur:2 q:26.49 aq:18.48 tex:265915 mv:29364 misc:6009 imb:418 pmb:5309 smb:2433 d:s ref:0 ;
in:321 out:321 type:B dur:2 cpbdur:2 q:26.60 aq:20.61 tex:13657 mv:4075 misc:5276 imb:27 pmb:1207 smb:6926 d:s ref:0 ;
in:320 out:322 type:b dur:2 cpbdur:2 q:26.60 aq:21.04 tex:2480 mv:894 misc:2034 imb:17 pmb:271 smb:7872 d:s ref:0 ;
in:322 out:323 type:b dur:2 cpbdur:2 q:26.60 aq:20.87 tex:3304 mv:1214 misc:2418 imb:20 pmb:355 smb:7785 d:- ref:0 ;
in:327 out:324 type:P dur:2 cpbdur:2 q:26.39 aq:18.45 tex:246445 mv:27989 misc:6054 imb:425 pmb:5249 smb:2486 d:s ref:0 ;
in:325 out:325 type:B dur:2 cpbdur:2 q:26.49 aq:20.36 tex:10865 mv:3437 misc:5034 imb:29 pmb:1086 smb:7045 d:s ref:0 ;
in:324 out:326 type:b dur:2 cpbdur:2 q:26.49 aq:21.16 tex:2802 mv:876 misc:2018 imb:8 pmb:282 smb:7870 d:s ref:0 ;
in:326 out:327 type:b dur:2 cpbdur:2 q:26.49 aq:20.96 tex:2689 mv:1037 misc:2362 imb:11 pmb:354 smb:7795 d:- ref:0 ;
in:331 out:328 type:P dur:2 cpbdur:2 q:26.28 aq:18.41 tex:270896 mv:30026 misc:5782 imb:436 pmb:5458 smb:2266 d:s ref:0 ;
in:329 out:329 type:B dur:2 cpbdur:2 q:26.39 aq:20.42 tex:15057 mv:4606 misc:5753 imb:40 pmb:1401 smb:6719 d:s ref:0 ;
in:328 out:330 type:b dur:2 cpbdur:2 q:26.39 aq:21.06 tex:3367 mv:1227 misc:2574 imb:16 pmb:392 smb:7752 d:s ref:0 ;
in:330 out:331 type:b dur:2 cpbdur:2 q:26.39 aq:20.90 tex:3312 mv:1194 misc:2494 imb:16 pmb:374 smb:7770 d:- ref:0 ;
in:335 out:332 type:P dur:2 cpbdur:2 q:26.19 aq:18.35 tex:264097 mv:29503 misc:6040 imb:468 pmb:5358 smb:2334 d:s ref:0 ;
in:333 out:333 type:B dur:2 cpbdur:2 q:26.28 aq:20.53 tex:14984 mv:4943 misc:5809 imb:36 pmb:1418 smb:6706 d:s ref:0 ;
in:332 out:334 type:b dur:2 cpbdur:2 q:26.28 aq:20.42 tex:3334 mv:1036 misc:2310 imb:10 pmb:349 smb:7801 d:s ref:0 ;
in:334 out:335 type:b dur:2 cpbdur:2 q:26.28 aq:20.43 tex:3422 mv:1415 misc:2611 imb:25 pmb:397 smb:7738 d:- ref:0 ;
in:339 out:336 type:P dur:2 cpbdur:2 q:26.09 aq:18.26 tex:302900 mv:32200 misc:5644 imb:537 pmb:5482 smb:2141 d:s ref:0 ;
in:337 out:337 type:B dur:2 cpbdur:2 q:26.19 aq:20.61 tex:19346 mv:5808 misc:5974 imb:42 pmb:1522 smb:6596 d:s ref:0 ;
in:336 out:338 type:b dur:2 cpbdur:2 q:26.19 aq:20.89 tex:4155 mv:1470 misc:2991 imb:14 pmb:489 smb:7657 d:s ref:0 ;
in:338 out:339 type:b dur:2 cpbdur:2 q:26.19 aq:21.02 tex:5056 mv:1766 misc:3162 imb:24 pmb:539 smb:7597 d:- ref:0 ;
in:343 out:340 type:P dur:2 cpbdur:2 q:26.02 aq:18.20 tex:282474 mv:30075 misc:5899 imb:514 pmb:5469 smb:2177 d:s ref:0 ;
in:341 out:341 type:B dur:2 cpbdur:2 q:26.09 aq:20.21 tex:25063 mv:7250 misc:6903 imb:63 pmb:1993 smb:6104 d:s ref:0 ;
in:340 out:342 type:b dur:2 cpbdur:2 q:26.09 aq:20.62 tex:4292 mv:1702 misc:3070 imb:20 pmb:499 smb:7641 d:s ref:0 ;
in:342 out:343 type:b dur:2 cpbdur:2 q:26.09 aq:20.64 tex:4013 mv:1565 misc:2886 imb:26 pmb:453 smb:7681 d:- ref:0 ;
in:347 out:344 type:P dur:2 cpbdur:2 q:25.94 aq:18.16 tex:279321 mv:31125 misc:5818 imb:529 pmb:5487 smb:2144 d:s ref:0 ;
in:345 out:345 type:B dur:2 cpbdur:2 q:26.02 aq:20.53 tex:21054 mv:7157 misc:6637 imb:47 pmb:1850 smb:6263 d:s ref:0 ;
in:344 out:346 type:b dur:2 cpbdur:2 q:26.02 aq:20.93 tex:4459 mv:1628 misc:3049 imb:17 pmb:507 smb:7636 d:s ref:0 ;
in:346 out:347 type:b dur:2 cpbdur:2 q:26.02 aq:21.04 tex:4672 mv:1679 misc:2993 imb:26 pmb:482 smb:7652 d:- ref:0 ;
in:351 out:348 type:P dur:2 cpbdur:2 q:25.86 aq:18.23 tex:280444 mv:31338 misc:5858 imb:560 pmb:5440 smb:2160 d:s ref:0 ;
in:349 out:349 type:B dur:2 cpbdur:2 q:25.94 aq:20.44 tex:22735 mv:7922 misc:6719 imb:37 pmb:1940 smb:6183 d:s ref:0 ;
in:348 out:350 type:b dur:2 cpbdur:2 q:25.94 aq:20.66 tex:3967 mv:1721 misc:2976 imb:22 pmb:479 smb:7659 d:s ref:0 ;
in:350 out:351 type:b dur:2 cpbdur:2 q:25.94 aq:20.53 tex:5126 mv:1842 misc:3128 imb:41 pmb:501 smb:7618 d:- ref:0 ;
in:355 out:352 type:P dur:2 cpbdur:2 q:25.79 aq:18.08 tex:326254 mv:35816 misc:5402 imb:653 pmb:5617 smb:1890 d:s ref:0 ;
in:353 out:353 type:B dur:2 cpbdur:2 q:25.86 aq:20.42 tex:35198 mv:12046 misc:7500 imb:55 pmb:2611 smb:5494 d:s ref:0 ;
in:352 out:354 type:b dur:2 cpbdur:2 q:25.86 aq:21.10 tex:8832 mv:3589 misc:4115 imb:49 pmb:791 smb:7320 d:s ref:0 ;
in:354 out:355 type:b dur:2 cpbdur:2 q:25.86 aq:20.63 tex:4872 mv:1720 misc:3080 imb:20 pmb:510 smb:7630 d:- ref:0 ;
in:359 out:356 type:P dur:2 cpbdur:2 q:25.74 aq:18.09 tex:259428 mv:31075 misc:6121 imb:545 pmb:5374 smb:2241 d:s ref:0 ;
in:357 out:357 type:B dur:2 cpbdur:2 q:25.79 aq:20.16 tex:29454 mv:10901 misc:7237 imb:59 pmb:2318 smb:5783 d:s ref:0 ;
in:356 out:358 type:b dur:2 cpbdur:2 q:25.79 aq:20.11 tex:5888 mv:2411 misc:3501 imb:43 pmb:606 smb:7511 d:s ref:0 ;
in:358 out:359 type:b dur:2 cpbdur:2 q:25.79 aq:20.70 tex:6368 mv:2448 misc:3712 imb:44 pmb:652 smb:7464 d:- ref:0 ;
in:363 out:360 type:P dur:2 cpbdur:2 q:25.66 aq:18.22 tex:302117 mv:33952 misc:5699 imb:623 pmb:5487 smb:2050 d:s ref:0 ;
in:361 out:361 type:B dur:2 cpbdur:2 q:25.74 aq:20.21 tex:29622 mv:10799 misc:7195 imb:59 pmb:2304 smb:5797 d:s ref:0 ;
in:360 out:362 type:b dur:2 cpbdur:2 q:25.74 aq:20.27 tex:5702 mv:2273 misc:3625 imb:42 pmb:623 smb:7495 d:s ref:0 ;
in:362 out:363 type:b dur:2 cpbdur:2 q:25.74 aq:20.84 tex:7830 mv:2851 misc:4135 imb:38 pmb:807 smb:7315 d:- ref:0 ;
in:367 out:364 type:P dur:2 cpbdur:2 q:25.60 aq:18.38 tex:263882 mv:33417 misc:5813 imb:617 pmb:5478 smb:2065 d:s ref:0 ;
in:365 out:365 type:B dur:2 cpbdur:2 q:25.66 aq:20.32 tex:38597 mv:13752 misc:7747 imb:78 pmb:2874 smb:5208 d:t ref:0 ;
in:364 out:366 type:b dur:2 cpbdur:2 q:25.66 aq:20.63 tex:7022 mv:2615 misc:3843 imb:40 pmb:701 smb:7419 d:s ref:0 ;
in:366 out:367 type:b dur:2 cpbdur:2 q:25.66 aq:20.62 tex:7657 mv:3060 misc:4139 imb:45 pmb:786 smb:7329 d:- ref:0 ;
in:371 out:368 type:P dur:2 cpbdur:2 q:25.53 aq:18.54 tex:244379 mv:35033 misc:5844 imb:699 pmb:5373 smb:2088 d:s ref:0 ;
in:369 out:369 type:B dur:2 cpbdur:2 q:25.60 aq:20.35 tex:52672 mv:16109 misc:8027 imb:95 pmb:3388 smb:4677 d:s ref:0 ;
in:368 out:370 type:b dur:2 cpbdur:2 q:25.60 aq:20.84 tex:11005 mv:4263 misc:4844 imb:49 pmb:1046 smb:7065 d:s ref:0 ;
in:370 out:371 type:b dur:2 cpbdur:2 q:25.60 aq:21.14 tex:9892 mv:3931 misc:4577 imb:38 pmb:937 smb:7185 d:- ref:0 ;
in:375 out:372 type:P dur:2 cpbdur:2 q:25.46 aq:18.71 tex:281500 mv:40290 misc:5290 imb:939 pmb:5566 smb:1655 d:s ref:0 ;
in:373 out:373 type:B dur:2 cpbdur:2 q:25.53 aq:20.60 tex:61217 mv:22036 misc:8139 imb:101 pmb:3911 smb:4148 d:s ref:0 ;
in:372 out:374 type:b dur:2 cpbdur:2 q:25.53 aq:20.72 tex:10273 mv:4833 misc:5086 imb:47 pmb:1115 smb:6998 d:s ref:0 ;
in:374 out:375 type:b dur:2 cpbdur:2 q:25.53 aq:20.90 tex:17153 mv:8838 misc:6097 imb:69 pmb:1687 smb:6404 d:- ref:0 ;
in:379 out:376 type:P dur:2 cpbdur:2 q:25.43 aq:19.01 tex:302870 mv:47325 misc:4789 imb:1391 pmb:5436 smb:1333 d:s ref:0 ;
in:377 out:377 type:B dur:2 cpbdur:2 q:25.46 aq:20.56 tex:84338 mv:31169 misc:8029 imb:247 pmb:4435 smb:3478 d:s ref:0 ;
in:376 out:378 type:b dur:2 cpbdur:2 q:25.46 aq:21.26 tex:22959 mv:16628 misc:7405 imb:83 pmb:2480 smb:5597 d:s ref:0 ;
in:378 out:379 type:b dur:2 cpbdur:2 q:25.46 aq:21.45 tex:30665 mv:21252 misc:8003 imb:153 pmb:3079 smb:4928 d:- ref:0 ;
in:383 out:380 type:P dur:2 cpbdur:2 q:25.42 aq:19.18 tex:445629 mv:57400 misc:3379 imb:2040 pmb:5360 smb:760 d:s ref:0 ;
in:381 out:381 type:B dur:2 cpbdur:2 q:25.43 aq:20.63 tex:107110 mv:41423 misc:7699 imb:470 pmb:4880 smb:2810 d:s ref:0 ;
in:380 out:382 type:b dur:2 cpbdur:2 q:25.43 aq:21.37 tex:35122 mv:26829 misc:8169 imb:198 pmb:3372 smb:4590 d:s ref:0 ;
in:382 out:383 type:b dur:2 cpbdur:2 q:25.43 aq:21.55 tex:58041 mv:29496 misc:8167 imb:274 pmb:3645 smb:4241 d:- ref:0 ;
in:387 out:384 type:P dur:2 cpbdur:2 q:25.53 aq:19.34 tex:395643 mv:59143 misc:3006 imb:2385 pmb:5186 smb:589 d:s ref:0 ;
in:385 out:385 type:B dur:2 cpbdur:2 q:25.53 aq:20.76 tex:112923 mv:44218 misc:7427 imb:476 pmb:5002 smb:2682 d:s ref:0 ;
in:384 out:386 type:b dur:2 cpbdur:2 q:25.53 aq:21.64 tex:37400 mv:27142 misc:8058 imb:207 pmb:3315 smb:4638 d:s ref:0 ;
in:386 out:387 type:b dur:2 cpbdur:2 q:25.53 aq:21.67 tex:41984 mv:29742 misc:8138 imb:257 pmb:3559 smb:4344 d:- ref:0 ;
in:391 out:388 type:P dur:2 cpbdur:2 q:25.64 aq:19.80 tex:319877 mv:55749 misc:3862 imb:1883 pmb:5390 smb:887 d:s ref:0 ;
in:389 out:389 type:B dur:2 cpbdur:2 q:25.64 aq:20.59 tex:130987 mv:42513 misc:7108 imb:419 pmb:5365 smb:2376 d:s ref:0 ;
in:388 out:390 type:b dur:2 cpbdur:2 q:25.64 aq:21.44 tex:18192 mv:12757 misc:7115 imb:114 pmb:2385 smb:5661 d:s ref:0 ;
in:390 out:391 type:b dur:2 cpbdur:2 q:25.64 aq:21.80 tex:44335 mv:28240 misc:8057 imb:264 pmb:3461 smb:4435 d:- ref:0 ;
in:395 out:392 type:P dur:2 cpbdur:2 q:25.71 aq:20.02 tex:374650 mv:65644 misc:2538 imb:2898 pmb:4822 smb:440 d:s ref:0 ;
in:393 out:393 type:B dur:2 cpbdur:2 q:25.71 aq:21.08 tex:126111 mv:52926 misc:6787 imb:707 pmb:5324 smb:2129 d:s ref:0 ;
in:392 out:394 type:b dur:2 cpbdur:2 q:25.71 aq:22.06 tex:60286 mv:36013 misc:8077 imb:312 pmb:4159 smb:3689 d:s ref:0 ;
in:394 out:395 type:b dur:2 cpbdur:2 q:25.71 aq:22.10 tex:66670 mv:38228 misc:8046 imb:361 pmb:4413 smb:3386 d:- ref:0 ;
in:399 out:396 type:P dur:2 cpbdur:2 q:25.81 aq:20.38 tex:387025 mv:67166 misc:2113 imb:3258 pmb:4567 smb:335 d:s ref:0 ;
in:397 out:397 type:B dur:2 cpbdur:2 q:25.81 aq:21.03 tex:118546 mv:52341 misc:6817 imb:720 pmb:5370 smb:2070 d:s ref:0 ;
in:396 out:398 type:b dur:2 cpbdur:2 q:25.81 aq:22.18 tex:62781 mv:37260 misc:8127 imb:363 pmb:4404 smb:3393 d:s ref:0 ;
in:398 out:399 type:b dur:2 cpbdur:2 q:25.81 aq:22.11 tex:54093 mv:36464 misc:8035 imb:372 pmb:4120 smb:3668 d:- ref:0 ;
in:403 out:400 type:P dur:2 cpbdur:2 q:25.94 aq:19.82 tex:440005 mv:71265 misc:1714 imb:3469 pmb:4483 smb:208 d:s ref:0 ;
in:401 out:401 type:B dur:2 cpbdur:2 q:25.94 aq:21.58 tex:189936 mv:65080 misc:5952 imb:1363 pmb:5074 smb:1723 d:s ref:0 ;
in:400 out:402 type:b dur:2 cpbdur:2 q:25.94 aq:22.18 tex:109692 mv:52806 misc:7102 imb:742 pmb:4350 smb:3068 d:s ref:0 ;
in:402 out:403 type:b dur:2 cpbdur:2 q:25.94 aq:22.26 tex:59744 mv:34725 misc:8131 imb:382 pmb:4019 smb:3759 d:- ref:0 ;
in:407 out:404 type:P dur:2 cpbdur:2 q:26.15 aq:20.87 tex:265022 mv:58366 misc:3884 imb:2513 pmb:4778 smb:869 d:s ref:0 ;
in:405 out:405 type:B dur:2 cpbdur:2 q:26.15 aq:21.85 tex:81405 mv:38311 misc:8052 imb:412 pmb:4518 smb:3230 d:s ref:0 ;
in:404 out:406 type:b dur:2 cpbdur:2 q:26.15 aq:21.47 tex:12245 mv:12157 misc:7030 imb:60 pmb:2242 smb:5858 d:s ref:0 ;
in:406 out:407 type:b dur:2 cpbdur:2 q:26.15 aq:22.44 tex:44698 mv:32982 misc:8160 imb:322 pmb:3732 smb:4106 d:- ref:0 ;
in:411 out:408 type:P dur:2 cpbdur:2 q:26.20 aq:21.15 tex:390877 mv:70360 misc:1491 imb:5186 pmb:2779 smb:195 d:s ref:0 ;
in:409 out:409 type:B dur:2 cpbdur:2 q:26.20 aq:21.50 tex:123523 mv:52643 misc:6906 imb:809 pmb:5149 smb:2202 d:s ref:0 ;
in:408 out:410 type:b dur:2 cpbdur:2 q:26.20 aq:22.54 tex:49662 mv:34258 misc:8160 imb:299 pmb:3928 smb:3933 d:s ref:0 ;
in:410 out:411 type:b dur:2 cpbdur:2 q:26.20 aq:22.43 tex:112011 mv:55879 misc:6974 imb:744 pmb:4625 smb:2791 d:- ref:0 ;
in:415 out:412 type:P dur:2 cpbdur:2 q:26.32 aq:21.15 tex:453368 mv:75655 misc:1721 imb:4643 pmb:3287 smb:230 d:s ref:0 ;
in:413 out:413 type:B dur:2 cpbdur:2 q:26.32 aq:21.73 tex:191733 mv:72641 misc:5386 imb:1564 pmb:5230 smb:1366 d:s ref:0 ;
in:412 out:414 type:b dur:2 cpbdur:2 q:26.32 aq:22.68 tex:167682 mv:59938 misc:6260 imb:949 pmb:4878 smb:2333 d:s ref:0 ;
in:414 out:415 type:b dur:2 cpbdur:2 q:26.32 aq:22.59 tex:86724 mv:45183 misc:7477 imb:497 pmb:4432 smb:3231 d:- ref:0 ;
in:419 out:416 type:P dur:2 cpbdur:2 q:26.57 aq:21.24 tex:282003 mv:60159 misc:2806 imb:4684 pmb:2899 smb:577 d:s ref:0 ;
in:417 out:417 type:B dur:2 cpbdur:2 q:26.56 aq:21.98 tex:138787 mv:58821 misc:6520 imb:1208 pmb:4846 smb:2106 d:s ref:0 ;
in:416 out:418 type:b dur:2 cpbdur:2 q:26.56 aq:22.85 tex:97799 mv:48200 misc:7089 imb:634 pmb:4922 smb:2604 d:s ref:0 ;
in:418 out:419 type:b dur:2 cpbdur:2 q:26.57 aq:21.75 tex:14461 mv:9956 misc:6887 imb:37 pmb:2324 smb:5799 d:- ref:0 ;
in:423 out:420 type:P dur:2 cpbdur:2 q:26.71 aq:21.40 tex:342438 mv:68276 misc:2662 imb:4130 pmb:3505 smb:525 d:s ref:0 ;
in:421 out:421 type:B dur:2 cpbdur:2 q:26.71 aq:22.04 tex:151287 mv:53001 misc:5984 imb:817 pmb:5585 smb:1758 d:s ref:0 ;
in:420 out:422 type:b dur:2 cpbdur:2 q:26.71 aq:22.41 tex:91898 mv:49481 misc:7413 imb:749 pmb:4240 smb:3171 d:s ref:0 ;
in:422 out:423 type:b dur:2 cpbdur:2 q:26.71 aq:22.92 tex:42456 mv:29012 misc:7876 imb:136 pmb:4074 smb:3950 d:- ref:0 ;
in:427 out:424 type:P dur:2 cpbdur:2 q:26.83 aq:21.58 tex:271731 mv:67030 misc:2535 imb:4371 pmb:3347 smb:442 d:s ref:0 ;
in:425 out:425 type:B dur:2 cpbdur:2 q:26.82 aq:21.87 tex:109552 mv:52641 misc:6927 imb:685 pmb:5060 smb:2415 d:s ref:0 ;
in:424 out:426 type:b dur:2 cpbdur:2 q:26.82 aq:22.65 tex:45068 mv:31346 misc:8010 imb:160 pmb:3890 smb:4110 d:s ref:0 ;
in:426 out:427 type:b dur:2 cpbdur:2 q:26.82 aq:22.46 tex:43158 mv:30808 misc:8018 imb:173 pmb:3808 smb:4179 d:- ref:0 ;
in:431 out:428 type:P dur:2 cpbdur:2 q:26.90 aq:21.63 tex:361638 mv:71175 misc:1731 imb:5066 pmb:2841 smb:253 d:s ref:0 ;
in:429 out:429 type:B dur:2 cpbdur:2 q:26.90 aq:22.15 tex:204035 mv:66409 misc:4844 imb:1184 pmb:5745 smb:1231 d:s ref:0 ;
in:428 out:430 type:b dur:2 cpbdur:2 q:26.90 aq:22.96 tex:64227 mv:40090 misc:7619 imb:323 pmb:4465 smb:3372 d:s ref:0 ;
in:430 out:431 type:b dur:2 cpbdur:2 q:26.90 aq:23.08 tex:96124 mv:49150 misc:7094 imb:784 pmb:4623 smb:2753 d:- ref:0 ;
in:435 out:432 type:P dur:2 cpbdur:2 q:27.06 aq:21.06 tex:427382 mv:74069 misc:1781 imb:4407 pmb:3460 smb:293 d:s ref:0 ;
in:433 out:433 type:B dur:2 cpbdur:2 q:27.05 aq:21.98 tex:137133 mv:43865 misc:6578 imb:748 pmb:5088 smb:2324 d:s ref:0 ;
in:432 out:434 type:b dur:2 cpbdur:2 q:27.05 aq:23.01 tex:111285 mv:53780 misc:7151 imb:1043 pmb:4249 smb:2868 d:s ref:0 ;
in:434 out:435 type:b dur:2 cpbdur:2 q:27.06 aq:22.73 tex:11768 mv:8440 misc:6544 imb:49 pmb:2033 smb:6078 d:- ref:0 ;
in:439 out:436 type:P dur:2 cpbdur:2 q:27.24 aq:20.96 tex:266275 mv:61275 misc:3738 imb:2848 pmb:4317 smb:995 d:s ref:0 ;
in:437 out:437 type:B dur:2 cpbdur:2 q:27.24 aq:22.36 tex:85759 mv:48174 misc:7435 imb:553 pmb:4681 smb:2926 d:s ref:0 ;
in:436 out:438 type:b dur:2 cpbdur:2 q:27.24 aq:23.37 tex:50500 mv:33622 misc:7638 imb:268 pmb:3658 smb:4234 d:s ref:0 ;
in:438 out:439 type:b dur:2 cpbdur:2 q:27.24 aq:23.17 tex:45543 mv:32047 misc:7738 imb:211 pmb:3816 smb:4133 d:- ref:0 ;
in:443 out:440 type:P dur:2 cpbdur:2 q:27.27 aq:20.97 tex:209136 mv:57949 misc:4659 imb:2231 pmb:4406 smb:1523 d:s ref:0 ;
in:441 out:441 type:B dur:2 cpbdur:2 q:27.27 aq:22.20 tex:61979 mv:40205 misc:7600 imb:319 pmb:4266 smb:3575 d:s ref:0 ;
in:440 out:442 type:b dur:2 cpbdur:2 q:27.27 aq:23.29 tex:32711 mv:22418 misc:7231 imb:118 pmb:2942 smb:5100 d:s ref:0 ;
in:442 out:443 type:b dur:2 cpbdur:2 q:27.27 aq:23.17 tex:32753 mv:28534 misc:7665 imb:207 pmb:3387 smb:4566 d:- ref:0 ;
in:447 out:444 type:P dur:2 cpbdur:2 q:27.28 aq:20.74 tex:231514 mv:58516 misc:4666 imb:2155 pmb:4530 smb:1475 d:s ref:0 ;
in:445 out:445 type:B dur:2 cpbdur:2 q:27.28 aq:22.28 tex:58813 mv:40976 misc:7675 imb:312 pmb:4485 smb:3363 d:s ref:0 ;
in:444 out:446 type:b dur:2 cpbdur:2 q:27.28 aq:23.39 tex:31826 mv:26917 misc:7561 imb:171 pmb:3490 smb:4499 d:s ref:0 ;
in:446 out:447 type:b dur:2 cpbdur:2 q:27.28 aq:23.33 tex:26430 mv:22414 misc:7460 imb:108 pmb:3077 smb:4975 d:- ref:0 ;
in:451 out:448 type:P dur:2 cpbdur:2 q:27.28 aq:20.83 tex:142465 mv:46333 misc:5850 imb:1304 pmb:4603 smb:2253 d:s ref:0 ;
in:449 out:449 type:B dur:2 cpbdur:2 q:27.28 aq:21.75 tex:43969 mv:29110 misc:7937 imb:180 pmb:3929 smb:4051 d:s ref:0 ;
in:448 out:450 type:b dur:2 cpbdur:2 q:27.28 aq:22.36 tex:9040 mv:8196 misc:6460 imb:47 pmb:1980 smb:6133 d:s ref:0 ;
in:450 out:451 type:b dur:2 cpbdur:2 q:27.28 aq:23.15 tex:20019 mv:15307 misc:6946 imb:75 pmb:2362 smb:5723 d:- ref:0 ;
in:455 out:452 type:P dur:2 cpbdur:2 q:27.22 aq:20.73 tex:191134 mv:53071 misc:5131 imb:1888 pmb:4580 smb:1692 d:s ref:0 ;
in:453 out:453 type:B dur:2 cpbdur:2 q:27.28 aq:22.33 tex:46596 mv:34771 misc:7753 imb:233 pmb:4026 smb:3901 d:s ref:0 ;
in:452 out:454 type:b dur:2 cpbdur:2 q:27.28 aq:23.29 tex:22437 mv:18868 misc:7247 imb:112 pmb:2657 smb:5391 d:s ref:0 ;
in:454 out:455 type:b dur:2 cpbdur:2 q:27.28 aq:23.46 tex:23330 mv:21067 misc:7419 imb:111 pmb:2959 smb:5090 d:- ref:0 ;
in:459 out:456 type:P dur:2 cpbdur:2 q:27.17 aq:20.58 tex:195536 mv:52295 misc:5385 imb:1714 pmb:4651 smb:1795 d:s ref:0 ;
in:457 out:457 type:B dur:2 cpbdur:2 q:27.22 aq:22.34 tex:47905 mv:33333 misc:7842 imb:230 pmb:3947 smb:3983 d:s ref:0 ;
in:456 out:458 type:b dur:2 cpbdur:2 q:27.22 aq:23.09 tex:18313 mv:17478 misc:6985 imb:118 pmb:2466 smb:5576 d:s ref:0 ;
in:458 out:459 type:b dur:2 cpbdur:2 q:27.22 aq:23.39 tex:19760 mv:18449 misc:7159 imb:96 pmb:2699 smb:5365 d:- ref:0 ;
in:463 out:460 type:P dur:2 cpbdur:2 q:27.14 aq:20.29 tex:206102 mv:51341 misc:5381 imb:1696 pmb:4695 smb:1769 d:s ref:0 ;
in:461 out:461 type:B dur:2 cpbdur:2 q:27.17 aq:22.25 tex:47696 mv:32261 misc:7883 imb:205 pmb:3979 smb:3976 d:s ref:0 ;
in:460 out:462 type:b dur:2 cpbdur:2 q:27.17 aq:23.02 tex:17537 mv:16815 misc:6816 imb:80 pmb:2377 smb:5703 d:s ref:0 ;
in:462 out:463 type:b dur:2 cpbdur:2 q:27.17 aq:23.18 tex:17152 mv:16756 misc:6844 imb:70 pmb:2359 smb:5731 d:- ref:0 ;
in:467 out:464 type:P dur:2 cpbdur:2 q:27.11 aq:20.67 tex:166008 mv:46113 misc:5863 imb:1304 pmb:4696 smb:2160 d:s ref:0 ;
in:465 out:465 type:B dur:2 cpbdur:2 q:27.14 aq:22.44 tex:31550 mv:22933 misc:7861 imb:124 pmb:3182 smb:4854 d:s ref:0 ;
in:464 out:466 type:b dur:2 cpbdur:2 q:27.14 aq:22.25 tex:7860 mv:8319 misc:6213 imb:35 pmb:1818 smb:6307 d:s ref:0 ;
in:466 out:467 type:b dur:2 cpbdur:2 q:27.14 aq:23.14 tex:14622 mv:13425 misc:6689 imb:66 pmb:2111 smb:5983 d:- ref:0 ;
in:471 out:468 type:P dur:2 cpbdur:2 q:27.04 aq:20.61 tex:198254 mv:50454 misc:5388 imb:1704 pmb:4616 smb:1840 d:s ref:0 ;
in:469 out:469 type:B dur:2 cpbdur:2 q:27.11 aq:22.35 tex:44589 mv:30052 misc:7847 imb:213 pmb:3854 smb:4093 d:s ref:0 ;
in:468 out:470 type:b dur:2 cpbdur:2 q:27.11 aq:23.19 tex:19453 mv:19455 misc:7412 imb:91 pmb:2672 smb:5397 d:s ref:0 ;
in:470 out:471 type:b dur:2 cpbdur:2 q:27.11 aq:23.06 tex:16016 mv:13326 misc:6914 imb:56 pmb:2216 smb:5888 d:- ref:0 ;
in:475 out:472 type:P dur:2 cpbdur:2 q:26.99 aq:20.52 tex:236024 mv:53145 misc:5087 imb:1769 pmb:4731 smb:1660 d:s ref:0 ;
in:473 out:473 type:B dur:2 cpbdur:2 q:27.04 aq:22.29 tex:50335 mv:31681 misc:7856 imb:225 pmb:3988 smb:3947 d:s ref:0 ;
in:472 out:474 type:b dur:2 cpbdur:2 q:27.04 aq:23.14 tex:18801 mv:18746 misc:7173 imb:67 pmb:2554 smb:5539 d:s ref:0 ;
in:474 out:475 type:b dur:2 cpbdur:2 q:27.04 aq:22.82 tex:14101 mv:14471 misc:6788 imb:78 pmb:2089 smb:5993 d:- ref:0 ;
in:479 out:476 type:P dur:2 cpbdur:2 q:26.96 aq:20.59 tex:180662 mv:46920 misc:5826 imb:1377 pmb:4698 smb:2085 d:s ref:0 ;
in:477 out:477 type:B dur:2 cpbdur:2 q:26.99 aq:22.43 tex:33207 mv:24208 misc:7977 imb:169 pmb:3473 smb:4518 d:s ref:0 ;
in:476 out:478 type:b dur:2 cpbdur:2 q:26.99 aq:22.82 tex:13514 mv:14063 misc:6567 imb:49 pmb:1975 smb:6136 d:s ref:0 ;
in:478 out:479 type:b dur:2 cpbdur:2 q:26.99 aq:22.26 tex:7584 mv:6293 misc:6107 imb:43 pmb:1678 smb:6439 d:- ref:0 ;
in:483 out:480 type:P dur:2 cpbdur:2 q:26.90 aq:20.12 tex:275596 mv:57063 misc:4389 imb:2104 pmb:4774 smb:1282 d:s ref:0 ;
in:481 out:481 type:B dur:2 cpbdur:2 q:26.96 aq:21.73 tex:68745 mv:38017 misc:7734 imb:319 pmb:4553 smb:3288 d:s ref:0 ;
in:480 out:482 type:b dur:2 cpbdur:2 q:26.96 aq:22.92 tex:24171 mv:24702 misc:7567 imb:145 pmb:2874 smb:5141 d:s ref:0 ;
in:482 out:483 type:b dur:2 cpbdur:2 q:26.96 aq:21.94 tex:7406 mv:5896 misc:5882 imb:39 pmb:1686 smb:6435 d:- ref:0 ;
in:487 out:484 type:P dur:2 cpbdur:2 q:26.90 aq:20.20 tex:247066 mv:54899 misc:4763 imb:1943 pmb:4785 smb:1432 d:s ref:0 ;
in:485 out:485 type:B dur:2 cpbdur:2 q:26.90 aq:21.98 tex:59540 mv:33613 misc:7967 imb:239 pmb:4139 smb:3782 d:t ref:0 ;
in:484 out:486 type:b dur:2 cpbdur:2 q:26.90 aq:21.84 tex:8311 mv:7962 misc:6583 imb:48 pmb:2072 smb:6040 d:s ref:0 ;
in:486 out:487 type:b dur:2 cpbdur:2 q:26.90 aq:21.84 tex:8126 mv:6661 misc:6117 imb:44 pmb:1783 smb:6333 d:- ref:0 ;
in:491 out:488 type:P dur:2 cpbdur:2 q:26.88 aq:20.22 tex:241559 mv:54811 misc:4958 imb:1843 pmb:4782 smb:1535 d:s ref:0 ;
in:489 out:489 type:B dur:2 cpbdur:2 q:26.90 aq:21.90 tex:56997 mv:34556 misc:8023 imb:302 pmb:4198 smb:3660 d:s ref:0 ;
in:488 out:490 type:b dur:2 cpbdur:2 q:26.90 aq:21.85 tex:8300 mv:7363 misc:6369 imb:51 pmb:1980 smb:6129 d:s ref:0 ;
in:490 out:491 type:b dur:2 cpbdur:2 q:26.90 aq:21.93 tex:8342 mv:6837 misc:6565 imb:48 pmb:1936 smb:6176 d:- ref:0 ;
in:495 out:492 type:P dur:2 cpbdur:2 q:26.85 aq:20.69 tex:178791 mv:47128 misc:5961 imb:1472 pmb:4571 smb:2117 d:s ref:0 ;
in:493 out:493 type:B dur:2 cpbdur:2 q:26.88 aq:21.84 tex:56054 mv:27083 misc:7863 imb:199 pmb:4120 smb:3841 d:s ref:0 ;
in:492 out:494 type:b dur:2 cpbdur:2 q:26.88 aq:21.95 tex:7965 mv:8050 misc:6417 imb:56 pmb:1939 smb:6165 d:s ref:0 ;
in:494 out:495 type:b dur:2 cpbdur:2 q:26.88 aq:21.96 tex:8276 mv:5002 misc:5914 imb:32 pmb:1608 smb:6520 d:- ref:0 ;
in:498 out:496 type:P dur:2 cpbdur:2 q:26.78 aq:22.26 tex:125440 mv:45976 misc:6480 imb:1765 pmb:3631 smb:2764 d:s ref:0 ;
in:496 out:497 type:B dur:2 cpbdur:2 q:26.85 aq:21.96 tex:61403 mv:33687 misc:7694 imb:274 pmb:4006 smb:3880 d:s ref:0 ;
in:497 out:498 type:b dur:2 cpbdur:2 q:26.85 aq:22.03 tex:9289 mv:7130 misc:6541 imb:59 pmb:1959 smb:6142 d:- ref:0 ;
in:499 out:499 type:I dur:2 cpbdur:2 q:24.02 aq:17.65 tex:1007348 mv:211118 misc:710 imb:8160 pmb:0 smb:0 d:s ref:;
in:503 out:500 type:P dur:2 cpbdur:2 q:26.96 aq:20.41 tex:205868 mv:51080 misc:5388 imb:1784 pmb:4597 smb:1779 d:s ref:0 ;
in:501 out:501 type:B dur:2 cpbdur:2 q:26.96 aq:21.54 tex:41800 mv:31565 misc:7643 imb:290 pmb:3306 smb:4564 d:s ref:0 ;
in:500 out:502 type:b dur:2 cpbdur:2 q:26.96 aq:21.92 tex:7057 mv:7161 misc:5934 imb:81 pmb:1645 smb:6434 d:s ref:0 ;
in:502 out:503 type:b dur:2 cpbdur:2 q:26.96 aq:22.03 tex:6113 mv:4835 misc:5732 imb:59 pmb:1507 smb:6594 d:- ref:0 ;
in:507 out:504 type:P dur:2 cpbdur:2 q:27.04 aq:20.67 tex:150618 mv:41535 misc:6239 imb:1359 pmb:4430 smb:2371 d:s ref:0 ;
in:505 out:505 type:B dur:2 cpbdur:2 q:27.04 aq:21.58 tex:24809 mv:17253 misc:6938 imb:116 pmb:2423 smb:5621 d:s ref:0 ;
in:504 out:506 type:b dur:2 cpbdur:2 q:27.04 aq:21.88 tex:5986 mv:5271 misc:5071 imb:57 pmb:1249 smb:6854 d:s ref:0 ;
in:506 out:507 type:b dur:2 cpbdur:2 q:27.04 aq:22.10 tex:7214 mv:5528 misc:5674 imb:67 pmb:1502 smb:6591 d:- ref:0 ;
in:511 out:508 type:P dur:2 cpbdur:2 q:26.94 aq:20.43 tex:259693 mv:56707 misc:4536 imb:2304 pmb:4579 smb:1277 d:s ref:0 ;
in:509 out:509 type:B dur:2 cpbdur:2 q:27.04 aq:21.80 tex:47794 mv:29491 misc:7531 imb:225 pmb:3502 smb:4433 d:s ref:0 ;
in:508 out:510 type:b dur:2 cpbdur:2 q:27.04 aq:22.01 tex:5943 mv:4976 misc:5385 imb:43 pmb:1417 smb:6700 d:s ref:0 ;
in:510 out:511 type:b dur:2 cpbdur:2 q:27.04 aq:22.99 tex:23637 mv:19284 misc:6839 imb:136 pmb:2650 smb:5374 d:- ref:0 ;
in:515 out:512 type:P dur:2 cpbdur:2 q:26.91 aq:20.29 tex:228644 mv:52918 misc:5302 imb:1637 pmb:4957 smb:1566 d:s ref:0 ;
in:513 out:513 type:B dur:2 cpbdur:2 q:26.94 aq:21.41 tex:40873 mv:28457 misc:7662 imb:154 pmb:3418 smb:4588 d:t ref:0 ;
in:512 out:514 type:b dur:2 cpbdur:2 q:26.94 aq:22.72 tex:16104 mv:11095 misc:5705 imb:74 pmb:1619 smb:6467 d:s ref:0 ;
in:514 out:515 type:b dur:2 cpbdur:2 q:26.94 aq:21.73 tex:6523 mv:6637 misc:5928 imb:41 pmb:1666 smb:6453 d:- ref:0 ;
in:519 out:516 type:P dur:2 cpbdur:2 q:26.87 aq:20.35 tex:260047 mv:55221 misc:4844 imb:1901 pmb:4878 smb:1381 d:s ref:0 ;
in:517 out:517 type:B dur:2 cpbdur:2 q:26.91 aq:21.66 tex:47079 mv:34316 misc:7725 imb:220 pmb:3757 smb:4183 d:s ref:0 ;
in:516 out:518 type:b dur:2 cpbdur:2 q:26.91 aq:22.12 tex:6324 mv:6871 misc:6277 imb:37 pmb:1836 smb:6287 d:s ref:0 ;
in:518 out:519 type:b dur:2 cpbdur:2 q:26.91 aq:21.87 tex:7106 mv:6939 misc:6059 imb:49 pmb:1705 smb:6406 d:- ref:0 ;
in:523 out:520 type:P dur:2 cpbdur:2 q:26.85 aq:20.59 tex:239515 mv:52565 misc:5368 imb:1648 pmb:4770 smb:1742 d:s ref:0 ;
in:521 out:521 type:B dur:2 cpbdur:2 q:26.87 aq:21.55 tex:51284 mv:32260 misc:7712 imb:196 pmb:3658 smb:4306 d:t ref:0 ;
in:520 out:522 type:b dur:2 cpbdur:2 q:26.87 aq:21.44 tex:6597 mv:6187 misc:6296 imb:35 pmb:1858 smb:6267 d:s ref:0 ;
in:522 out:523 type:b dur:2 cpbdur:2 q:26.87 aq:21.53 tex:7530 mv:7484 misc:6538 imb:50 pmb:1917 smb:6193 d:- ref:0 ;
in:527 out:524 type:P dur:2 cpbdur:2 q:26.81 aq:20.73 tex:269986 mv:61963 misc:2243 imb:3099 pmb:4680 smb:381 d:s ref:0 w:5,31,2,6,64,0,63,1 ;
in:525 out:525 type:B dur:2 cpbdur:2 q:26.85 aq:22.00 tex:38738 mv:30084 misc:7746 imb:132 pmb:3271 smb:4757 d:t ref:0 ;
in:524 out:526 type:b dur:2 cpbdur:2 q:26.85 aq:21.55 tex:7030 mv:6912 misc:6650 imb:42 pmb:2046 smb:6072 d:s ref:0 ;
in:526 out:527 type:b dur:2 cpbdur:2 q:26.85 aq:22.48 tex:16701 mv:14881 misc:6722 imb:81 pmb:2081 smb:5998 d:- ref:0 ;
in:531 out:528 type:P dur:2 cpbdur:2 q:26.78 aq:21.24 tex:190734 mv:48135 misc:6163 imb:1521 pmb:4488 smb:2151 d:s ref:0 ;
in:529 out:529 type:B dur:2 cpbdur:2 q:26.81 aq:21.76 tex:41170 mv:25241 misc:7837 imb:137 pmb:3246 smb:4777 d:s ref:0 ;
in:528 out:530 type:b dur:2 cpbdur:2 q:26.81 aq:22.02 tex:7177 mv:5769 misc:5470 imb:35 pmb:1404 smb:6721 d:s ref:0 ;
in:530 out:531 type:b dur:2 cpbdur:2 q:26.81 aq:22.24 tex:11098 mv:9094 misc:6568 imb:51 pmb:2019 smb:6090 d:- ref:0 ;
in:535 out:532 type:P dur:2 cpbdur:2 q:26.73 aq:21.67 tex:169335 mv:51558 misc:5787 imb:2306 pmb:3670 smb:2184 d:s ref:0 ;
in:533 out:533 type:B dur:2 cpbdur:2 q:26.78 aq:21.62 tex:96531 mv:41782 misc:7575 imb:323 pmb:4497 smb:3340 d:s ref:0 ;
in:532 out:534 type:b dur:2 cpbdur:2 q:26.78 aq:22.03 tex:17741 mv:9430 misc:6021 imb:74 pmb:1869 smb:6217 d:s ref:0 ;
in:534 out:535 type:b dur:2 cpbdur:2 q:26.78 aq:22.26 tex:24326 mv:9706 misc:6488 imb:60 pmb:2088 smb:6012 d:- ref:0 ;
in:536 out:536 type:P dur:2 cpbdur:2 q:26.68 aq:22.24 tex:79773 mv:33002 misc:7121 imb:981 pmb:3326 smb:3853 d:s ref:0 ;
in:537 out:537 type:I dur:2 cpbdur:2 q:23.94 aq:16.03 tex:1697236 mv:238711 misc:693 imb:8160 pmb:0 smb:0 d:s ref:;
in:541 out:538 type:P dur:2 cpbdur:2 q:26.99 aq:18.75 tex:448378 mv:38029 misc:601 imb:3855 pmb:4294 smb:11 d:s ref:0 w:0,1,-1,5,32,0,31,3 ;
in:539 out:539 type:B dur:2 cpbdur:2 q:26.99 aq:21.15 tex:37058 mv:25624 misc:7550 imb:197 pmb:2911 smb:5052 d:s ref:0 ;
in:538 out:540 type:b dur:2 cpbdur:2 q:26.99 aq:21.62 tex:6474 mv:11652 misc:5498 imb:100 pmb:1347 smb:6713 d:s ref:0 ;
in:540 out:541 type:b dur:2 cpbdur:2 q:26.99 aq:21.80 tex:8270 mv:11755 misc:5543 imb:108 pmb:1325 smb:6727 d:- ref:0 ;
in:545 out:542 type:P dur:2 cpbdur:2 q:27.28 aq:18.82 tex:360677 mv:30315 misc:2720 imb:3120 pmb:4345 smb:695 d:s ref:0 w:7,127,-1 ;
in:543 out:543 type:B dur:2 cpbdur:2 q:27.28 aq:21.05 tex:14926 mv:14194 misc:6440 imb:99 pmb:1829 smb:6232 d:s ref:0 ;
in:542 out:544 type:b dur:2 cpbdur:2 q:27.28 aq:22.40 tex:4350 mv:7891 misc:4415 imb:47 pmb:940 smb:7173 d:s ref:0 ;
in:544 out:545 type:b dur:2 cpbdur:2 q:27.28 aq:21.70 tex:5037 mv:5235 misc:3744 imb:48 pmb:715 smb:7397 d:- ref:0 ;
in:549 out:546 type:P dur:2 cpbdur:2 q:27.26 aq:18.93 tex:357171 mv:19626 misc:4619 imb:838 pmb:4482 smb:2840 d:s ref:0 ;
in:547 out:547 type:B dur:2 cpbdur:2 q:27.28 aq:20.96 tex:13789 mv:10268 misc:6111 imb:226 pmb:1469 smb:6465 d:s ref:0 ;
in:546 out:548 type:b dur:2 cpbdur:2 q:27.28 aq:20.86 tex:4113 mv:3109 misc:3026 imb:29 pmb:534 smb:7597 d:s ref:0 ;
in:548 out:549 type:b dur:2 cpbdur:2 q:27.28 aq:22.26 tex:3766 mv:2304 misc:2850 imb:52 pmb:459 smb:7649 d:- ref:0 ;
in:551 out:550 type:P dur:2 cpbdur:2 q:27.23 aq:18.82 tex:255299 mv:15678 misc:5263 imb:696 pmb:4338 smb:3126 d:s ref:0 ;
in:550 out:551 type:b dur:2 cpbdur:2 q:27.26 aq:20.78 tex:2938 mv:1768 misc:2462 imb:50 pmb:370 smb:7740 d:s ref:0 ;
in:553 out:552 type:P dur:2 cpbdur:2 q:27.18 aq:18.91 tex:390999 mv:14867 misc:4534 imb:586 pmb:4423 smb:3151 d:s ref:0 ;
in:552 out:553 type:b dur:2 cpbdur:2 q:27.23 aq:20.88 tex:12652 mv:2702 misc:2262 imb:50 pmb:418 smb:7692 d:s ref:0 ;
in:555 out:554 type:P dur:2 cpbdur:2 q:27.21 aq:19.02 tex:252163 mv:12696 misc:5861 imb:568 pmb:4019 smb:3573 d:s ref:0 ;
in:554 out:555 type:b dur:2 cpbdur:2 q:27.21 aq:18.96 tex:7777 mv:1898 misc:1709 imb:39 pmb:359 smb:7762 d:s ref:0 ;
in:556 out:556 type:P dur:2 cpbdur:2 q:27.25 aq:19.16 tex:166911 mv:8369 misc:6248 imb:292 pmb:3212 smb:4656 d:s ref:0 ;
in:559 out:557 type:P dur:2 cpbdur:2 q:27.28 aq:19.04 tex:273996 mv:12906 misc:5946 imb:789 pmb:3992 smb:3379 d:s ref:0 ;
in:557 out:558 type:B dur:2 cpbdur:2 q:27.28 aq:20.36 tex:9743 mv:4443 misc:3758 imb:142 pmb:806 smb:7212 d:s ref:0 ;
in:558 out:559 type:b dur:2 cpbdur:2 q:27.28 aq:20.24 tex:3295 mv:2325 misc:2356 imb:46 pmb:432 smb:7682 d:- ref:0 ;
in:563 out:560 type:P dur:2 cpbdur:2 q:27.29 aq:18.93 tex:429800 mv:26673 misc:4327 imb:807 pmb:4534 smb:2819 d:s ref:0 ;
in:561 out:561 type:B dur:2 cpbdur:2 q:27.29 aq:21.53 tex:19722 mv:20469 misc:7097 imb:204 pmb:2232 smb:5724 d:s ref:0 ;
in:560 out:562 type:b dur:2 cpbdur:2 q:27.29 aq:21.06 tex:3676 mv:3273 misc:3587 imb:45 pmb:809 smb:7306 d:s ref:0 ;
in:562 out:563 type:b dur:2 cpbdur:2 q:27.29 aq:22.69 tex:7418 mv:11142 misc:5024 imb:54 pmb:1305 smb:6801 d:- ref:0 ;
in:567 out:564 type:P dur:2 cpbdur:2 q:27.30 aq:18.75 tex:393534 mv:32800 misc:2738 imb:3141 pmb:4435 smb:584 d:s ref:0 w:0,1,-1 ;
in:565 out:565 type:B dur:2 cpbdur:2 q:27.30 aq:21.02 tex:19760 mv:17887 misc:7457 imb:107 pmb:2655 smb:5398 d:s ref:0 ;
in:564 out:566 type:b dur:2 cpbdur:2 q:27.30 aq:22.72 tex:5611 mv:9026 misc:4563 imb:40 pmb:1123 smb:6997 d:s ref:0 ;
in:566 out:567 type:b dur:2 cpbdur:2 q:27.30 aq:22.19 tex:6116 mv:6820 misc:4672 imb:65 pmb:1006 smb:7089 d:- ref:0 ;
in:571 out:568 type:P dur:2 cpbdur:2 q:27.29 aq:18.78 tex:346724 mv:21724 misc:4592 imb:880 pmb:4530 smb:2750 d:s ref:0 ;
in:569 out:569 type:B dur:2 cpbdur:2 q:27.30 aq:20.69 tex:17577 mv:11682 misc:6469 imb:144 pmb:1830 smb:6186 d:s ref:0 ;
in:568 out:570 type:b dur:2 cpbdur:2 q:27.30 aq:19.94 tex:2361 mv:1839 misc:3632 imb:42 pmb:684 smb:7434 d:s ref:0 ;
in:570 out:571 type:b dur:2 cpbdur:2 q:27.30 aq:21.84 tex:5084 mv:5539 misc:4545 imb:93 pmb:947 smb:7120 d:- ref:0 ;
in:575 out:572 type:P dur:2 cpbdur:2 q:27.26 aq:18.74 tex:299667 mv:18224 misc:4589 imb:830 pmb:4448 smb:2882 d:s ref:0 ;
in:573 out:573 type:B dur:2 cpbdur:2 q:27.29 aq:20.62 tex:12738 mv:6964 misc:5874 imb:194 pmb:1369 smb:6597 d:s ref:0 ;
in:572 out:574 type:b dur:2 cpbdur:2 q:27.29 aq:21.20 tex:2608 mv:1630 misc:2562 imb:42 pmb:372 smb:7746 d:s ref:0 ;
in:574 out:575 type:b dur:2 cpbdur:2 q:27.29 aq:21.70 tex:3114 mv:1857 misc:2605 imb:52 pmb:380 smb:7728 d:- ref:0 ;
in:579 out:576 type:P dur:2 cpbdur:2 q:27.20 aq:18.91 tex:226355 mv:16291 misc:4730 imb:765 pmb:4391 smb:3004 d:s ref:0 ;
in:577 out:577 type:B dur:2 cpbdur:2 q:27.26 aq:20.16 tex:11361 mv:4580 misc:5115 imb:171 pmb:1093 smb:6896 d:s ref:0 ;
in:576 out:578 type:b dur:2 cpbdur:2 q:27.26 aq:20.96 tex:2450 mv:1220 misc:2122 imb:37 pmb:297 smb:7826 d:s ref:0 ;
in:578 out:579 type:b dur:2 cpbdur:2 q:27.26 aq:21.40 tex:2504 mv:1120 misc:2120 imb:46 pmb:278 smb:7836 d:- ref:0 ;
in:583 out:580 type:P dur:2 cpbdur:2 q:27.11 aq:18.90 tex:260415 mv:31304 misc:3281 imb:3057 pmb:4364 smb:739 d:s ref:0 w:0,1,-1 ;
in:581 out:581 type:B dur:2 cpbdur:2 q:27.20 aq:20.62 tex:18134 mv:12787 misc:7039 imb:107 pmb:2289 smb:5764 d:s ref:0 ;
in:580 out:582 type:b dur:2 cpbdur:2 q:27.20 aq:21.42 tex:2646 mv:1245 misc:2245 imb:42 pmb:310 smb:7808 d:s ref:0 ;
in:582 out:583 type:b dur:2 cpbdur:2 q:27.20 aq:22.00 tex:3308 mv:3496 misc:4044 imb:37 pmb:881 smb:7242 d:- ref:0 ;
in:587 out:584 type:P dur:2 cpbdur:2 q:27.05 aq:18.68 tex:434212 mv:31219 misc:4393 imb:1216 pmb:4567 smb:2377 d:s ref:0 ;
in:585 out:585 type:B dur:2 cpbdur:2 q:27.11 aq:21.29 tex:21198 mv:23105 misc:7473 imb:250 pmb:2625 smb:5285 d:s ref:0 ;
in:584 out:586 type:b dur:2 cpbdur:2 q:27.11 aq:21.20 tex:3828 mv:6986 misc:4730 imb:49 pmb:1175 smb:6936 d:s ref:0 ;
in:586 out:587 type:b dur:2 cpbdur:2 q:27.11 aq:22.24 tex:8126 mv:9640 misc:5362 imb:140 pmb:1210 smb:6810 d:- ref:0 ;
in:591 out:588 type:P dur:2 cpbdur:2 q:27.06 aq:18.43 tex:361322 mv:32105 misc:2741 imb:3099 pmb:4455 smb:606 d:s ref:0 w:0,1,-1 ;
in:589 out:589 type:B dur:2 cpbdur:2 q:27.06 aq:20.44 tex:19845 mv:15764 misc:7455 imb:121 pmb:2740 smb:5299 d:s ref:0 ;
in:588 out:590 type:b dur:2 cpbdur:2 q:27.06 aq:21.97 tex:6474 mv:7132 misc:4722 imb:72 pmb:1022 smb:7066 d:s ref:0 ;
in:590 out:591 type:b dur:2 cpbdur:2 q:27.06 aq:21.65 tex:4595 mv:5020 misc:4105 imb:56 pmb:812 smb:7292 d:- ref:0 ;
in:595 out:592 type:P dur:2 cpbdur:2 q:27.04 aq:18.38 tex:310634 mv:22140 misc:4698 imb:910 pmb:4541 smb:2709 d:s ref:0 ;
in:593 out:593 type:B dur:2 cpbdur:2 q:27.06 aq:20.42 tex:15997 mv:11046 misc:6821 imb:176 pmb:2036 smb:5948 d:s ref:0 ;
in:592 out:594 type:b dur:2 cpbdur:2 q:27.06 aq:21.88 tex:4796 mv:3213 misc:3519 imb:49 pmb:641 smb:7470 d:s ref:0 ;
in:594 out:595 type:b dur:2 cpbdur:2 q:27.06 aq:22.02 tex:4085 mv:1957 misc:3038 imb:50 pmb:484 smb:7626 d:- ref:0 ;
in:599 out:596 type:P dur:2 cpbdur:2 q:27.00 aq:18.66 tex:251389 mv:16818 misc:4481 imb:623 pmb:4306 smb:3231 d:s ref:0 ;
in:597 out:597 type:B dur:2 cpbdur:2 q:27.04 aq:19.88 tex:9597 mv:4530 misc:5497 imb:124 pmb:1252 smb:6784 d:s ref:0 ;
in:596 out:598 type:b dur:2 cpbdur:2 q:27.04 aq:21.27 tex:4754 mv:2643 misc:3699 imb:84 pmb:639 smb:7437 d:s ref:0 ;
in:598 out:599 type:b dur:2 cpbdur:2 q:27.04 aq:21.17 tex:2829 mv:1469 misc:2494 imb:57 pmb:341 smb:7762 d:- ref:0 ;
in:603 out:600 type:P dur:2 cpbdur:2 q:26.92 aq:18.59 tex:243134 mv:17291 misc:4759 imb:875 pmb:4478 smb:2807 d:s ref:0 ;
in:601 out:601 type:B dur:2 cpbdur:2 q:27.00 aq:19.80 tex:16731 mv:7423 misc:6990 imb:216 pmb:2021 smb:5923 d:s ref:0 ;
in:600 out:602 type:b dur:2 cpbdur:2 q:27.00 aq:21.35 tex:4760 mv:2250 misc:3630 imb:72 pmb:624 smb:7464 d:s ref:0 ;
in:602 out:603 type:b dur:2 cpbdur:2 q:27.00 aq:21.00 tex:3268 mv:1470 misc:2598 imb:56 pmb:386 smb:7718 d:- ref:0 ;
in:607 out:604 type:P dur:2 cpbdur:2 q:26.85 aq:18.60 tex:249124 mv:24744 misc:4572 imb:873 pmb:4477 smb:2810 d:s ref:0 ;
in:605 out:605 type:B dur:2 cpbdur:2 q:26.92 aq:20.05 tex:24021 mv:13773 misc:7558 imb:275 pmb:2593 smb:5292 d:s ref:0 ;
in:604 out:606 type:b dur:2 cpbdur:2 q:26.92 aq:20.24 tex:3947 mv:1629 misc:2712 imb:65 pmb:446 smb:7649 d:s ref:0 ;
in:606 out:607 type:b dur:2 cpbdur:2 q:26.92 aq:21.49 tex:5249 mv:6021 misc:5202 imb:56 pmb:1329 smb:6775 d:- ref:0 ;
in:611 out:608 type:P dur:2 cpbdur:2 q:26.78 aq:18.54 tex:397104 mv:29613 misc:4291 imb:889 pmb:4391 smb:2880 d:s ref:0 ;
in:609 out:609 type:B dur:2 cpbdur:2 q:26.84 aq:20.69 tex:30293 mv:24264 misc:7531 imb:207 pmb:2969 smb:4984 d:s ref:0 ;
in:608 out:610 type:b dur:2 cpbdur:2 q:26.85 aq:22.08 tex:9685 mv:12408 misc:5483 imb:73 pmb:1533 smb:6554 d:s ref:0 ;
in:610 out:611 type:b dur:2 cpbdur:2 q:26.84 aq:21.79 tex:10376 mv:11143 misc:5745 imb:77 pmb:1608 smb:6475 d:- ref:0 ;
in:615 out:612 type:P dur:2 cpbdur:2 q:26.78 aq:18.27 tex:366294 mv:26328 misc:4482 imb:929 pmb:4416 smb:2815 d:s ref:0 ;
in:613 out:613 type:B dur:2 cpbdur:2 q:26.78 aq:20.08 tex:26092 mv:17830 misc:7534 imb:203 pmb:2879 smb:5078 d:s ref:0 ;
in:612 out:614 type:b dur:2 cpbdur:2 q:26.78 aq:21.44 tex:9053 mv:9340 misc:5623 imb:42 pmb:1530 smb:6588 d:s ref:0 ;
in:614 out:615 type:b dur:2 cpbdur:2 q:26.78 aq:21.49 tex:9305 mv:7376 misc:5407 imb:59 pmb:1393 smb:6708 d:- ref:0 ;
in:619 out:616 type:P dur:2 cpbdur:2 q:26.77 aq:18.23 tex:304128 mv:22984 misc:4648 imb:896 pmb:4476 smb:2788 d:s ref:0 ;
in:617 out:617 type:B dur:2 cpbdur:2 q:26.78 aq:19.90 tex:24250 mv:13465 misc:7501 imb:192 pmb:2639 smb:5329 d:s ref:0 ;
in:616 out:618 type:b dur:2 cpbdur:2 q:26.78 aq:21.22 tex:7306 mv:5795 misc:5363 imb:50 pmb:1311 smb:6799 d:s ref:0 ;
in:618 out:619 type:b dur:2 cpbdur:2 q:26.78 aq:21.25 tex:7869 mv:4168 misc:4795 imb:75 pmb:1025 smb:7060 d:- ref:0 ;
in:623 out:620 type:P dur:2 cpbdur:2 q:26.73 aq:18.36 tex:255492 mv:20289 misc:4827 imb:878 pmb:4482 smb:2800 d:s ref:0 ;
in:621 out:621 type:B dur:2 cpbdur:2 q:26.77 aq:19.68 tex:20148 mv:8956 misc:6976 imb:189 pmb:2169 smb:5802 d:s ref:0 ;
in:620 out:622 type:b dur:2 cpbdur:2 q:26.77 aq:21.13 tex:6446 mv:3336 misc:4490 imb:54 pmb:934 smb:7172 d:s ref:0 ;
in:622 out:623 type:b dur:2 cpbdur:2 q:26.77 aq:20.34 tex:5796 mv:2668 misc:3856 imb:84 pmb:707 smb:7369 d:- ref:0 ;
in:627 out:624 type:P dur:2 cpbdur:2 q:26.67 aq:18.62 tex:195789 mv:18025 misc:5418 imb:905 pmb:4298 smb:2957 d:s ref:0 ;
in:625 out:625 type:B dur:2 cpbdur:2 q:26.73 aq:19.50 tex:21917 mv:8615 misc:7324 imb:267 pmb:2224 smb:5669 d:s ref:0 ;
in:624 out:626 type:b dur:2 cpbdur:2 q:26.73 aq:20.47 tex:5218 mv:2185 misc:3621 imb:64 pmb:675 smb:7421 d:s ref:0 ;
in:626 out:627 type:b dur:2 cpbdur:2 q:26.73 aq:20.42 tex:4363 mv:2032 misc:3133 imb:73 pmb:552 smb:7535 d:- ref:0 ;
in:631 out:628 type:P dur:2 cpbdur:2 q:26.59 aq:18.38 tex:365412 mv:32784 misc:4716 imb:1293 pmb:4312 smb:2555 d:s ref:0 ;
in:629 out:629 type:B dur:2 cpbdur:2 q:26.67 aq:20.28 tex:34473 mv:27122 misc:7805 imb:283 pmb:3179 smb:4698 d:s ref:0 ;
in:628 out:630 type:b dur:2 cpbdur:2 q:26.67 aq:21.16 tex:7578 mv:8770 misc:5684 imb:66 pmb:1513 smb:6581 d:s ref:0 ;
in:630 out:631 type:b dur:2 cpbdur:2 q:26.67 aq:21.49 tex:13431 mv:14984 misc:6153 imb:115 pmb:1813 smb:6232 d:- ref:0 ;
in:635 out:632 type:P dur:2 cpbdur:2 q:26.58 aq:18.04 tex:401950 mv:32137 misc:4761 imb:1453 pmb:4103 smb:2604 d:s ref:0 ;
in:633 out:633 type:B dur:2 cpbdur:2 q:26.59 aq:19.90 tex:37451 mv:25013 misc:7824 imb:225 pmb:3623 smb:4312 d:s ref:0 ;
in:632 out:634 type:b dur:2 cpbdur:2 q:26.59 aq:21.02 tex:13075 mv:12814 misc:6167 imb:122 pmb:1754 smb:6284 d:s ref:0 ;
in:634 out:635 type:b dur:2 cpbdur:2 q:26.59 aq:21.15 tex:10977 mv:8976 misc:5647 imb:74 pmb:1472 smb:6614 d:- ref:0 ;
in:639 out:636 type:P dur:2 cpbdur:2 q:26.59 aq:17.90 tex:327614 mv:26412 misc:4830 imb:1080 pmb:4209 smb:2871 d:s ref:0 ;
in:637 out:637 type:B dur:2 cpbdur:2 q:26.59 aq:19.45 tex:30149 mv:17721 misc:7762 imb:224 pmb:3107 smb:4829 d:s ref:0 ;
in:636 out:638 type:b dur:2 cpbdur:2 q:26.59 aq:20.83 tex:9265 mv:7577 misc:5422 imb:50 pmb:1410 smb:6700 d:s ref:0 ;
in:638 out:639 type:b dur:2 cpbdur:2 q:26.59 aq:20.58 tex:8349 mv:4899 misc:4904 imb:58 pmb:1087 smb:7015 d:- ref:0 ;
in:643 out:640 type:P dur:2 cpbdur:2 q:26.57 aq:17.97 tex:270354 mv:22494 misc:4992 imb:1039 pmb:4360 smb:2761 d:s ref:0 ;
in:641 out:641 type:B dur:2 cpbdur:2 q:26.59 aq:19.28 tex:27929 mv:12973 misc:7578 imb:248 pmb:2693 smb:5219 d:s ref:0 ;
in:640 out:642 type:b dur:2 cpbdur:2 q:26.59 aq:20.80 tex:8394 mv:4478 misc:4984 imb:67 pmb:1125 smb:6968 d:s ref:0 ;
in:642 out:643 type:b dur:2 cpbdur:2 q:26.59 aq:20.80 tex:6709 mv:3468 misc:4559 imb:42 pmb:960 smb:7158 d:- ref:0 ;
in:647 out:644 type:P dur:2 cpbdur:2 q:26.52 aq:18.12 tex:222783 mv:19732 misc:5237 imb:890 pmb:4328 smb:2942 d:s ref:0 ;
in:645 out:645 type:B dur:2 cpbdur:2 q:26.57 aq:19.17 tex:22612 mv:7684 misc:7024 imb:212 pmb:2161 smb:5787 d:s ref:0 ;
in:644 out:646 type:b dur:2 cpbdur:2 q:26.57 aq:20.74 tex:6815 mv:2912 misc:4321 imb:56 pmb:879 smb:7225 d:s ref:0 ;
in:646 out:647 type:b dur:2 cpbdur:2 q:26.57 aq:20.50 tex:5252 mv:2582 misc:3998 imb:55 pmb:753 smb:7352 d:- ref:0 ;
in:651 out:648 type:P dur:2 cpbdur:2 q:26.44 aq:18.46 tex:182532 mv:19264 misc:5964 imb:906 pmb:4274 smb:2980 d:s ref:0 ;
in:649 out:649 type:B dur:2 cpbdur:2 q:26.52 aq:19.07 tex:29492 mv:9471 misc:7533 imb:216 pmb:2601 smb:5343 d:s ref:0 ;
in:648 out:650 type:b dur:2 cpbdur:2 q:26.52 aq:19.95 tex:5238 mv:1894 misc:3620 imb:39 pmb:653 smb:7468 d:s ref:0 ;
in:650 out:651 type:b dur:2 cpbdur:2 q:26.52 aq:19.43 tex:4583 mv:1802 misc:3367 imb:41 pmb:601 smb:7518 d:- ref:0 ;
in:655 out:652 type:P dur:2 cpbdur:2 q:26.36 aq:18.04 tex:360760 mv:35256 misc:4856 imb:1573 pmb:4143 smb:2444 d:s ref:0 ;
in:653 out:653 type:B dur:2 cpbdur:2 q:26.44 aq:19.75 tex:47722 mv:29737 misc:7781 imb:337 pmb:3570 smb:4253 d:s ref:0 ;
in:652 out:654 type:b dur:2 cpbdur:2 q:26.44 aq:20.34 tex:13119 mv:11077 misc:6796 imb:99 pmb:2038 smb:6023 d:s ref:0 ;
in:654 out:655 type:b dur:2 cpbdur:2 q:26.44 aq:20.83 tex:17350 mv:16190 misc:6676 imb:105 pmb:2146 smb:5909 d:- ref:0 ;
in:659 out:656 type:P dur:2 cpbdur:2 q:26.36 aq:17.84 tex:374736 mv:33915 misc:4981 imb:1683 pmb:3863 smb:2614 d:s ref:0 ;
in:657 out:657 type:B dur:2 cpbdur:2 q:26.36 aq:19.49 tex:44234 mv:25239 misc:7815 imb:254 pmb:3767 smb:4139 d:s ref:0 ;
in:656 out:658 type:b dur:2 cpbdur:2 q:26.36 aq:20.55 tex:14880 mv:13536 misc:6384 imb:82 pmb:1976 smb:6102 d:s ref:0 ;
in:658 out:659 type:b dur:2 cpbdur:2 q:26.36 aq:20.61 tex:14224 mv:10206 misc:6338 imb:97 pmb:1772 smb:6291 d:- ref:0 ;
in:663 out:660 type:P dur:2 cpbdur:2 q:26.37 aq:17.70 tex:301744 mv:28534 misc:5202 imb:1363 pmb:4126 smb:2671 d:s ref:0 ;
in:661 out:661 type:B dur:2 cpbdur:2 q:26.37 aq:19.12 tex:37247 mv:19047 misc:7882 imb:261 pmb:3376 smb:4523 d:s ref:0 ;
in:660 out:662 type:b dur:2 cpbdur:2 q:26.37 aq:20.32 tex:10955 mv:8027 misc:5562 imb:86 pmb:1424 smb:6650 d:s ref:0 ;
in:662 out:663 type:b dur:2 cpbdur:2 q:26.37 aq:20.00 tex:12908 mv:6790 misc:5622 imb:106 pmb:1419 smb:6635 d:- ref:0 ;
in:667 out:664 type:P dur:2 cpbdur:2 q:26.34 aq:17.74 tex:251003 mv:24472 misc:5365 imb:1203 pmb:4166 smb:2791 d:s ref:0 ;
in:665 out:665 type:B dur:2 cpbdur:2 q:26.37 aq:19.09 tex:33423 mv:16109 misc:7788 imb:283 pmb:3113 smb:4764 d:s ref:0 ;
in:664 out:666 type:b dur:2 cpbdur:2 q:26.37 aq:20.00 tex:11267 mv:6214 misc:5671 imb:81 pmb:1418 smb:6661 d:s ref:0 ;
in:666 out:667 type:b dur:2 cpbdur:2 q:26.37 aq:20.14 tex:9877 mv:4605 misc:5054 imb:72 pmb:1149 smb:6939 d:- ref:0 ;
in:671 out:668 type:P dur:2 cpbdur:2 q:26.29 aq:17.83 tex:215928 mv:23058 misc:5598 imb:1150 pmb:4310 smb:2700 d:s ref:0 ;
in:669 out:669 type:B dur:2 cpbdur:2 q:26.34 aq:18.98 tex:35057 mv:11539 misc:7676 imb:305 pmb:2784 smb:5071 d:s ref:0 ;
in:668 out:670 type:b dur:2 cpbdur:2 q:26.34 aq:19.86 tex:9180 mv:3919 misc:5053 imb:70 pmb:1123 smb:6967 d:s ref:0 ;
in:670 out:671 type:b dur:2 cpbdur:2 q:26.34 aq:19.60 tex:10615 mv:4877 misc:5196 imb:96 pmb:1240 smb:6824 d:- ref:0 ;
in:675 out:672 type:P dur:2 cpbdur:2 q:26.23 aq:18.06 tex:232365 mv:29541 misc:5710 imb:1448 pmb:4015 smb:2697 d:s ref:0 ;
in:673 out:673 type:B dur:2 cpbdur:2 q:26.29 aq:18.97 tex:47031 mv:21265 misc:7832 imb:301 pmb:3784 smb:4075 d:s ref:0 ;
in:672 out:674 type:b dur:2 cpbdur:2 q:26.29 aq:19.48 tex:6790 mv:2731 misc:4183 imb:64 pmb:815 smb:7281 d:s ref:0 ;
in:674 out:675 type:b dur:2 cpbdur:2 q:26.29 aq:20.27 tex:15699 mv:11364 misc:7049 imb:124 pmb:2328 smb:5708 d:- ref:0 ;
in:679 out:676 type:P dur:2 cpbdur:2 q:26.18 aq:17.77 tex:360845 mv:37746 misc:5209 imb:2094 pmb:3562 smb:2504 d:s ref:0 ;
in:677 out:677 type:B dur:2 cpbdur:2 q:26.23 aq:19.36 tex:54804 mv:32751 misc:7557 imb:401 pmb:4002 smb:3757 d:s ref:0 ;
in:676 out:678 type:b dur:2 cpbdur:2 q:26.23 aq:20.45 tex:21709 mv:18475 misc:7040 imb:132 pmb:2447 smb:5581 d:s ref:0 ;
in:678 out:679 type:b dur:2 cpbdur:2 q:26.23 aq:20.14 tex:22660 mv:15788 misc:7176 imb:176 pmb:2409 smb:5575 d:- ref:0 ;
in:683 out:680 type:P dur:2 cpbdur:2 q:26.19 aq:17.55 tex:300121 mv:33495 misc:5512 imb:1829 pmb:3831 smb:2500 d:s ref:0 ;
in:681 out:681 type:B dur:2 cpbdur:2 q:26.19 aq:19.10 tex:45054 mv:24277 misc:7853 imb:361 pmb:3717 smb:4082 d:s ref:0 ;
in:680 out:682 type:b dur:2 cpbdur:2 q:26.19 aq:20.01 tex:16593 mv:12619 misc:6612 imb:123 pmb:2012 smb:6025 d:s ref:0 ;
in:682 out:683 type:b dur:2 cpbdur:2 q:26.19 aq:19.69 tex:16072 mv:10399 misc:6601 imb:117 pmb:1908 smb:6135 d:- ref:0 ;
in:687 out:684 type:P dur:2 cpbdur:2 q:26.17 aq:17.24 tex:277587 mv:30632 misc:5581 imb:1880 pmb:3912 smb:2368 d:s ref:0 ;
in:685 out:685 type:B dur:2 cpbdur:2 q:26.19 aq:18.86 tex:39514 mv:18873 misc:7941 imb:298 pmb:3462 smb:4400 d:s ref:0 ;
in:684 out:686 type:b dur:2 cpbdur:2 q:26.19 aq:19.43 tex:16389 mv:10218 misc:6641 imb:180 pmb:1902 smb:6078 d:s ref:0 ;
in:686 out:687 type:b dur:2 cpbdur:2 q:26.19 aq:19.51 tex:13739 mv:7959 misc:6134 imb:119 pmb:1629 smb:6412 d:- ref:0 ;
in:691 out:688 type:P dur:2 cpbdur:2 q:26.14 aq:17.71 tex:203042 mv:25216 misc:6246 imb:1629 pmb:3825 smb:2706 d:s ref:0 ;
in:689 out:689 type:B dur:2 cpbdur:2 q:26.17 aq:18.51 tex:29518 mv:12304 misc:7610 imb:238 pmb:2715 smb:5207 d:s ref:0 ;
in:688 out:690 type:b dur:2 cpbdur:2 q:26.17 aq:19.58 tex:11577 mv:5607 misc:5480 imb:133 pmb:1326 smb:6701 d:s ref:0 ;
in:690 out:691 type:b dur:2 cpbdur:2 q:26.17 aq:18.99 tex:11556 mv:5480 misc:5460 imb:152 pmb:1333 smb:6675 d:- ref:0 ;
in:695 out:692 type:P dur:2 cpbdur:2 q:26.08 aq:17.56 tex:200570 mv:24023 misc:6399 imb:1432 pmb:4028 smb:2700 d:s ref:0 ;
in:693 out:693 type:B dur:2 cpbdur:2 q:26.14 aq:18.25 tex:32514 mv:12204 misc:7642 imb:307 pmb:2747 smb:5106 d:s ref:0 ;
in:692 out:694 type:b dur:2 cpbdur:2 q:26.14 aq:19.06 tex:12869 mv:6306 misc:6153 imb:126 pmb:1723 smb:6311 d:s ref:0 ;
in:694 out:695 type:b dur:2 cpbdur:2 q:26.14 aq:19.00 tex:14291 mv:7152 misc:6013 imb:289 pmb:1480 smb:6391 d:- ref:0 ;
in:699 out:696 type:P dur:2 cpbdur:2 q:26.01 aq:17.84 tex:207452 mv:30019 misc:6385 imb:1555 pmb:3674 smb:2931 d:s ref:0 ;
in:697 out:697 type:B dur:2 cpbdur:2 q:26.08 aq:18.51 tex:51457 mv:20928 misc:8015 imb:407 pmb:3760 smb:3993 d:s ref:0 ;
in:696 out:698 type:b dur:2 cpbdur:2 q:26.08 aq:18.57 tex:12570 mv:5766 misc:5488 imb:157 pmb:1424 smb:6579 d:s ref:0 ;
in:698 out:699 type:b dur:2 cpbdur:2 q:26.08 aq:19.46 tex:14297 mv:9537 misc:6590 imb:136 pmb:2096 smb:5928 d:- ref:0 ;
in:702 out:700 type:P dur:2 cpbdur:2 q:25.96 aq:17.80 tex:291633 mv:34852 misc:5715 imb:1754 pmb:3692 smb:2714 d:s ref:0 ;
in:700 out:701 type:B dur:2 cpbdur:2 q:26.01 aq:19.68 tex:34545 mv:24742 misc:7553 imb:291 pmb:2784 smb:5085 d:s ref:0 ;
in:701 out:702 type:b dur:2 cpbdur:2 q:26.01 aq:19.83 tex:25748 mv:19707 misc:7369 imb:223 pmb:2731 smb:5206 d:- ref:0 ;
in:706 out:703 type:P dur:2 cpbdur:2 q:25.97 aq:17.67 tex:296516 mv:33743 misc:5789 imb:1710 pmb:3771 smb:2679 d:s ref:0 ;
in:704 out:704 type:B dur:2 cpbdur:2 q:25.97 aq:18.95 tex:45508 mv:26881 misc:7899 imb:399 pmb:3675 smb:4086 d:s ref:0 ;
in:703 out:705 type:b dur:2 cpbdur:2 q:25.97 aq:19.64 tex:21606 mv:15523 misc:7295 imb:191 pmb:2473 smb:5496 d:s ref:0 ;
in:705 out:706 type:b dur:2 cpbdur:2 q:25.97 aq:19.37 tex:24737 mv:14799 misc:7432 imb:183 pmb:2581 smb:5396 d:- ref:0 ;
in:710 out:707 type:P dur:2 cpbdur:2 q:25.96 aq:17.62 tex:245153 mv:27826 misc:5973 imb:1444 pmb:3662 smb:3054 d:s ref:0 ;
in:708 out:708 type:B dur:2 cpbdur:2 q:25.97 aq:18.76 tex:37964 mv:19269 misc:7895 imb:367 pmb:3111 smb:4682 d:s ref:0 ;
in:707 out:709 type:b dur:2 cpbdur:2 q:25.97 aq:19.32 tex:20331 mv:11960 misc:7165 imb:187 pmb:2319 smb:5654 d:s ref:0 ;
in:709 out:710 type:b dur:2 cpbdur:2 q:25.97 aq:19.30 tex:20737 mv:11600 misc:7183 imb:177 pmb:2261 smb:5722 d:- ref:0 ;
in:714 out:711 type:P dur:2 cpbdur:2 q:25.93 aq:17.59 tex:210816 mv:24302 misc:6250 imb:1324 pmb:3630 smb:3206 d:s ref:0 ;
in:712 out:712 type:B dur:2 cpbdur:2 q:25.96 aq:18.36 tex:31792 mv:15894 misc:7890 imb:379 pmb:2752 smb:5029 d:s ref:0 ;
in:711 out:713 type:b dur:2 cpbdur:2 q:25.96 aq:19.00 tex:18475 mv:9325 misc:6912 imb:178 pmb:2087 smb:5895 d:s ref:0 ;
in:713 out:714 type:b dur:2 cpbdur:2 q:25.96 aq:18.97 tex:16138 mv:6685 misc:6297 imb:142 pmb:1741 smb:6277 d:- ref:0 ;
in:718 out:715 type:P dur:2 cpbdur:2 q:25.87 aq:17.47 tex:161534 mv:22646 misc:6708 imb:1395 pmb:3651 smb:3114 d:s ref:0 ;
in:716 out:716 type:B dur:2 cpbdur:2 q:25.93 aq:17.90 tex:35637 mv:15249 misc:7890 imb:375 pmb:2977 smb:4808 d:s ref:0 ;
in:715 out:717 type:b dur:2 cpbdur:2 q:25.93 aq:18.54 tex:14211 mv:5801 misc:5980 imb:130 pmb:1627 smb:6403 d:s ref:0 ;
in:717 out:718 type:b dur:2 cpbdur:2 q:25.92 aq:18.60 tex:13026 mv:5013 misc:5705 imb:125 pmb:1466 smb:6569 d:- ref:0 ;
in:722 out:719 type:P dur:2 cpbdur:2 q:25.80 aq:17.72 tex:261590 mv:34808 misc:6026 imb:2055 pmb:3457 smb:2648 d:s ref:0 ;
in:720 out:720 type:B dur:2 cpbdur:2 q:25.87 aq:18.50 tex:35728 mv:20461 misc:7923 imb:401 pmb:3211 smb:4548 d:s ref:0 ;
in:719 out:721 type:b dur:2 cpbdur:2 q:25.87 aq:18.03 tex:14644 mv:5428 misc:5664 imb:154 pmb:1494 smb:6512 d:s ref:0 ;
in:721 out:722 type:b dur:2 cpbdur:2 q:25.87 aq:19.59 tex:51800 mv:26110 misc:7714 imb:454 pmb:3194 smb:4512 d:- ref:0 ;
in:726 out:723 type:P dur:2 cpbdur:2 q:25.76 aq:17.48 tex:322011 mv:36173 misc:5544 imb:2408 pmb:3311 smb:2441 d:s ref:0 ;
in:724 out:724 type:B dur:2 cpbdur:2 q:25.80 aq:18.75 tex:56174 mv:32496 misc:7794 imb:496 pmb:3886 smb:3778 d:s ref:0 ;
in:723 out:725 type:b dur:2 cpbdur:2 q:25.80 aq:19.28 tex:30797 mv:22998 misc:7909 imb:328 pmb:3132 smb:4700 d:s ref:0 ;
in:725 out:726 type:b dur:2 cpbdur:2 q:25.80 aq:19.15 tex:31198 mv:19124 misc:7838 imb:308 pmb:3065 smb:4787 d:- ref:0 ;
in:730 out:727 type:P dur:2 cpbdur:2 q:25.78 aq:17.48 tex:283355 mv:31255 misc:6230 imb:1980 pmb:3419 smb:2761 d:s ref:0 ;
in:728 out:728 type:B dur:2 cpbdur:2 q:25.78 aq:18.43 tex:47768 mv:25371 misc:7997 imb:551 pmb:3473 smb:4136 d:s ref:0 ;
in:727 out:729 type:b dur:2 cpbdur:2 q:25.78 aq:19.18 tex:22029 mv:15648 misc:7211 imb:213 pmb:2393 smb:5554 d:s ref:0 ;
in:729 out:730 type:b dur:2 cpbdur:2 q:25.78 aq:19.04 tex:24065 mv:14954 misc:7525 imb:252 pmb:2616 smb:5292 d:- ref:0 ;
in:734 out:731 type:P dur:2 cpbdur:2 q:25.77 aq:17.39 tex:228424 mv:27691 misc:6301 imb:1967 pmb:3330 smb:2863 d:s ref:0 ;
in:732 out:732 type:B dur:2 cpbdur:2 q:25.78 aq:18.33 tex:43816 mv:22205 misc:7979 imb:558 pmb:3217 smb:4385 d:s ref:0 ;
in:731 out:733 type:b dur:2 cpbdur:2 q:25.78 aq:19.19 tex:19880 mv:12443 misc:7005 imb:182 pmb:2197 smb:5781 d:s ref:0 ;
in:733 out:734 type:b dur:2 cpbdur:2 q:25.78 aq:19.14 tex:22717 mv:11411 misc:7160 imb:189 pmb:2323 smb:5648 d:- ref:0 ;
in:738 out:735 type:P dur:2 cpbdur:2 q:25.73 aq:17.60 tex:183451 mv:23869 misc:6680 imb:1679 pmb:3349 smb:3132 d:s ref:0 ;
in:736 out:736 type:B dur:2 cpbdur:2 q:25.77 aq:18.30 tex:37946 mv:17812 misc:7858 imb:501 pmb:2900 smb:4759 d:s ref:0 ;
in:735 out:737 type:b dur:2 cpbdur:2 q:25.77 aq:18.99 tex:14647 mv:7570 misc:6191 imb:135 pmb:1625 smb:6400 d:s ref:0 ;
in:737 out:738 type:b dur:2 cpbdur:2 q:25.77 aq:18.78 tex:19293 mv:8586 misc:6833 imb:177 pmb:2075 smb:5908 d:- ref:0 ;
in:742 out:739 type:P dur:2 cpbdur:2 q:25.67 aq:17.79 tex:110722 mv:20724 misc:7082 imb:1528 pmb:3120 smb:3512 d:s ref:0 ;
in:740 out:740 type:B dur:2 cpbdur:2 q:25.73 aq:18.03 tex:34670 mv:15644 misc:7742 imb:502 pmb:2679 smb:4979 d:s ref:0 ;
in:739 out:741 type:b dur:2 cpbdur:2 q:25.73 aq:18.35 tex:15693 mv:5974 misc:5933 imb:156 pmb:1632 smb:6372 d:s ref:0 ;
in:741 out:742 type:b dur:2 cpbdur:2 q:25.73 aq:18.17 tex:16129 mv:6247 misc:6128 imb:185 pmb:1656 smb:6319 d:- ref:0 ;
in:746 out:743 type:P dur:2 cpbdur:2 q:25.58 aq:17.66 tex:277216 mv:34113 misc:6223 imb:2358 pmb:3107 smb:2695 d:s ref:0 ;
in:744 out:744 type:B dur:2 cpbdur:2 q:25.67 aq:18.68 tex:50447 mv:27316 misc:7885 imb:515 pmb:3724 smb:3921 d:s ref:0 ;
in:743 out:745 type:b dur:2 cpbdur:2 q:25.67 aq:18.78 tex:21045 mv:11402 misc:7241 imb:225 pmb:2340 smb:5595 d:s ref:0 ;
in:745 out:746 type:b dur:2 cpbdur:2 q:25.67 aq:19.35 tex:115516 mv:30243 misc:7401 imb:762 pmb:3272 smb:4126 d:- ref:0 ;
in:750 out:747 type:P dur:2 cpbdur:2 q:25.57 aq:17.29 tex:349678 mv:35350 misc:6084 imb:2709 pmb:2885 smb:2566 d:s ref:0 ;
in:748 out:748 type:B dur:2 cpbdur:2 q:25.58 aq:18.55 tex:76002 mv:35595 misc:7563 imb:649 pmb:3877 smb:3634 d:s ref:0 ;
in:747 out:749 type:b dur:2 cpbdur:2 q:25.58 aq:19.23 tex:45990 mv:25658 misc:7824 imb:415 pmb:3416 smb:4329 d:s ref:0 ;
in:749 out:750 type:b dur:2 cpbdur:2 q:25.58 aq:19.29 tex:47041 mv:22296 misc:7959 imb:374 pmb:3290 smb:4496 d:- ref:0 ;
in:754 out:751 type:P dur:2 cpbdur:2 q:25.62 aq:17.23 tex:283833 mv:30626 misc:6741 imb:2266 pmb:3031 smb:2863 d:s ref:0 w:7,127,0 ;
in:752 out:752 type:B dur:2 cpbdur:2 q:25.62 aq:18.52 tex:62813 mv:28274 misc:7857 imb:584 pmb:3655 smb:3921 d:s ref:0 ;
in:751 out:753 type:b dur:2 cpbdur:2 q:25.62 aq:19.10 tex:40182 mv:20737 misc:7761 imb:352 pmb:2962 smb:4846 d:s ref:0 ;
in:753 out:754 type:b dur:2 cpbdur:2 q:25.62 aq:19.13 tex:38796 mv:18969 misc:7811 imb:357 pmb:2958 smb:4845 d:- ref:0 ;
in:758 out:755 type:P dur:2 cpbdur:2 q:25.63 aq:17.05 tex:231625 mv:28207 misc:6632 imb:2333 pmb:3102 smb:2725 d:s ref:0 w:7,127,0 ;
in:756 out:756 type:B dur:2 cpbdur:2 q:25.63 aq:18.42 tex:52769 mv:23620 misc:7955 imb:604 pmb:3215 smb:4341 d:s ref:0 ;
in:755 out:757 type:b dur:2 cpbdur:2 q:25.63 aq:19.15 tex:28374 mv:15311 misc:7355 imb:276 pmb:2468 smb:5416 d:s ref:0 ;
in:757 out:758 type:b dur:2 cpbdur:2 q:25.63 aq:18.99 tex:30359 mv:15061 misc:7564 imb:276 pmb:2672 smb:5212 d:- ref:0 ;
in:762 out:759 type:P dur:2 cpbdur:2 q:25.60 aq:17.36 tex:183211 mv:23759 misc:6982 imb:1978 pmb:2843 smb:3339 d:s ref:0 ;
in:760 out:760 type:B dur:2 cpbdur:2 q:25.63 aq:18.42 tex:43814 mv:19886 misc:7908 imb:538 pmb:2977 smb:4645 d:s ref:0 ;
in:759 out:761 type:b dur:2 cpbdur:2 q:25.63 aq:18.97 tex:20819 mv:10403 misc:6930 imb:192 pmb:2115 smb:5853 d:s ref:0 ;
in:761 out:762 type:b dur:2 cpbdur:2 q:25.63 aq:19.00 tex:22221 mv:10617 misc:7066 imb:219 pmb:2195 smb:5746 d:- ref:0 ;
in:766 out:763 type:P dur:2 cpbdur:2 q:25.56 aq:17.72 tex:120875 mv:19911 misc:7294 imb:1723 pmb:2718 smb:3719 d:s ref:0 ;
in:764 out:764 type:B dur:2 cpbdur:2 q:25.60 aq:18.18 tex:40596 mv:17445 misc:7887 imb:582 pmb:2846 smb:4732 d:s ref:0 ;
in:763 out:765 type:b dur:2 cpbdur:2 q:25.60 aq:18.21 tex:18793 mv:7438 misc:6617 imb:245 pmb:1923 smb:5992 d:s ref:0 ;
in:765 out:766 type:b dur:2 cpbdur:2 q:25.60 aq:18.00 tex:15639 mv:6603 misc:6302 imb:157 pmb:1747 smb:6256 d:- ref:0 ;
in:768 out:767 type:P dur:2 cpbdur:2 q:25.48 aq:17.30 tex:324803 mv:35279 misc:6454 imb:2652 pmb:2894 smb:2614 d:s ref:0 ;
in:767 out:768 type:b dur:2 cpbdur:2 q:25.56 aq:19.05 tex:136145 mv:30587 misc:7212 imb:912 pmb:3147 smb:4101 d:s ref:0 ;
in:772 out:769 type:P dur:2 cpbdur:2 q:25.48 aq:17.32 tex:546752 mv:40289 misc:5807 imb:3293 pmb:2593 smb:2274 d:s ref:0 ;
in:770 out:770 type:B dur:2 cpbdur:2 q:25.48 aq:18.04 tex:96165 mv:36678 misc:7653 imb:681 pmb:3947 smb:3532 d:s ref:0 ;
in:769 out:771 type:b dur:2 cpbdur:2 q:25.48 aq:18.90 tex:54521 mv:24978 misc:7725 imb:378 pmb:3123 smb:4659 d:s ref:0 ;
in:771 out:772 type:b dur:2 cpbdur:2 q:25.48 aq:19.11 tex:46710 mv:26383 misc:7931 imb:426 pmb:3117 smb:4617 d:- ref:0 ;
in:774 out:773 type:P dur:2 cpbdur:2 q:25.66 aq:17.24 tex:294112 mv:33353 misc:6143 imb:2371 pmb:3216 smb:2573 d:s ref:0 ;
in:773 out:774 type:b dur:2 cpbdur:2 q:25.66 aq:19.32 tex:35253 mv:20869 misc:7558 imb:319 pmb:2645 smb:5196 d:s ref:0 ;
in:778 out:775 type:P dur:2 cpbdur:2 q:25.66 aq:17.27 tex:404205 mv:35444 misc:6143 imb:2247 pmb:3296 smb:2617 d:s ref:0 ;
in:776 out:776 type:B dur:2 cpbdur:2 q:25.66 aq:18.46 tex:68181 mv:31092 misc:7855 imb:504 pmb:3939 smb:3717 d:s ref:0 ;
in:775 out:777 type:b dur:2 cpbdur:2 q:25.66 aq:19.52 tex:28287 mv:17863 misc:7242 imb:218 pmb:2406 smb:5536 d:s ref:0 ;
in:777 out:778 type:b dur:2 cpbdur:2 q:25.66 aq:19.42 tex:24245 mv:15150 misc:7013 imb:195 pmb:2278 smb:5687 d:- ref:0 ;
in:782 out:779 type:P dur:2 cpbdur:2 q:25.74 aq:17.59 tex:303503 mv:28632 misc:6281 imb:1775 pmb:3429 smb:2956 d:s ref:0 ;
in:780 out:780 type:B dur:2 cpbdur:2 q:25.74 aq:18.47 tex:51441 mv:23625 misc:8030 imb:492 pmb:3539 smb:4129 d:s ref:0 ;
in:779 out:781 type:b dur:2 cpbdur:2 q:25.74 aq:19.22 tex:20000 mv:12889 misc:6743 imb:170 pmb:2027 smb:5963 d:s ref:0 ;
in:781 out:782 type:b dur:2 cpbdur:2 q:25.74 aq:18.77 tex:14116 mv:9089 misc:6123 imb:164 pmb:1617 smb:6379 d:- ref:0 ;
in:786 out:783 type:P dur:2 cpbdur:2 q:25.73 aq:18.28 tex:208487 mv:22359 misc:6258 imb:1381 pmb:3273 smb:3506 d:s ref:0 ;
in:784 out:784 type:B dur:2 cpbdur:2 q:25.74 aq:18.27 tex:42684 mv:19070 misc:7886 imb:461 pmb:3188 smb:4511 d:s ref:0 ;
in:783 out:785 type:b dur:2 cpbdur:2 q:25.74 aq:18.90 tex:15619 mv:9006 misc:6295 imb:130 pmb:1742 smb:6288 d:s ref:0 ;
in:785 out:786 type:b dur:2 cpbdur:2 q:25.74 aq:18.05 tex:12966 mv:5471 misc:5395 imb:182 pmb:1328 smb:6650 d:- ref:0 ;
in:787 out:787 type:I dur:2 cpbdur:2 q:22.75 aq:15.10 tex:1083468 mv:165613 misc:631 imb:8160 pmb:0 smb:0 d:s ref:;
in:791 out:788 type:P dur:2 cpbdur:2 q:25.88 aq:18.82 tex:378889 mv:41694 misc:4705 imb:4771 pmb:1571 smb:1818 d:s ref:0 ;
in:789 out:789 type:B dur:2 cpbdur:2 q:25.88 aq:18.79 tex:43427 mv:20207 misc:8094 imb:850 pmb:2945 smb:4365 d:s ref:0 ;
in:788 out:790 type:b dur:2 cpbdur:2 q:25.88 aq:18.12 tex:7184 mv:4476 misc:4524 imb:114 pmb:903 smb:7143 d:s ref:0 ;
in:790 out:791 type:b dur:2 cpbdur:2 q:25.88 aq:20.02 tex:32580 mv:18560 misc:7708 imb:472 pmb:2794 smb:4894 d:- ref:0 ;
in:793 out:792 type:P dur:2 cpbdur:2 q:25.96 aq:18.45 tex:594909 mv:52712 misc:4987 imb:3486 pmb:2720 smb:1954 d:s ref:0 ;
in:792 out:793 type:b dur:2 cpbdur:2 q:25.96 aq:20.54 tex:118847 mv:35157 misc:6556 imb:536 pmb:4154 smb:3470 d:s ref:0 ;
in:795 out:794 type:P dur:2 cpbdur:2 q:26.01 aq:18.33 tex:537369 mv:44351 misc:5352 imb:2122 pmb:3701 smb:2337 d:s ref:0 ;
in:794 out:795 type:b dur:2 cpbdur:2 q:26.01 aq:20.72 tex:60487 mv:31584 misc:7297 imb:414 pmb:3630 smb:4116 d:s ref:0 ;
in:797 out:796 type:P dur:2 cpbdur:2 q:26.15 aq:18.39 tex:408701 mv:37397 misc:5254 imb:1471 pmb:3915 smb:2774 d:s ref:0 ;
in:796 out:797 type:b dur:2 cpbdur:2 q:26.15 aq:21.21 tex:38657 mv:22984 misc:6583 imb:180 pmb:2745 smb:5235 d:s ref:0 ;
in:801 out:798 type:P dur:2 cpbdur:2 q:26.25 aq:18.14 tex:564614 mv:43397 misc:4789 imb:2093 pmb:3942 smb:2125 d:s ref:0 ;
in:799 out:799 type:B dur:2 cpbdur:2 q:26.25 aq:19.99 tex:75331 mv:34736 misc:7229 imb:358 pmb:4248 smb:3554 d:s ref:0 ;
in:798 out:800 type:b dur:2 cpbdur:2 q:26.25 aq:21.41 tex:39464 mv:22656 misc:7576 imb:313 pmb:3033 smb:4814 d:s ref:0 ;
in:800 out:801 type:b dur:2 cpbdur:2 q:26.25 aq:21.23 tex:21353 mv:15949 misc:7138 imb:196 pmb:2260 smb:5704 d:- ref:0 ;
in:805 out:802 type:P dur:2 cpbdur:2 q:26.41 aq:18.60 tex:365004 mv:31173 misc:5047 imb:1372 pmb:4167 smb:2621 d:s ref:0 ;
in:803 out:803 type:B dur:2 cpbdur:2 q:26.41 aq:20.16 tex:40856 mv:23021 misc:7755 imb:300 pmb:3280 smb:4580 d:s ref:0 ;
in:802 out:804 type:b dur:2 cpbdur:2 q:26.41 aq:21.41 tex:14958 mv:12416 misc:6194 imb:129 pmb:1685 smb:6346 d:s ref:0 ;
in:804 out:805 type:b dur:2 cpbdur:2 q:26.41 aq:21.48 tex:10784 mv:9227 misc:5757 imb:88 pmb:1491 smb:6581 d:- ref:0 ;
in:809 out:806 type:P dur:2 cpbdur:2 q:26.42 aq:18.88 tex:239546 mv:25804 misc:5338 imb:1283 pmb:4202 smb:2675 d:s ref:0 ;
in:807 out:807 type:B dur:2 cpbdur:2 q:26.42 aq:20.00 tex:34281 mv:15333 misc:7602 imb:237 pmb:2733 smb:5190 d:s ref:0 ;
in:806 out:808 type:b dur:2 cpbdur:2 q:26.42 aq:21.79 tex:14642 mv:8330 misc:5476 imb:67 pmb:1419 smb:6674 d:s ref:0 ;
in:808 out:809 type:b dur:2 cpbdur:2 q:26.42 aq:21.48 tex:11764 mv:6128 misc:5156 imb:62 pmb:1243 smb:6855 d:- ref:0 ;
in:813 out:810 type:P dur:2 cpbdur:2 q:26.37 aq:20.06 tex:394435 mv:40793 misc:4772 imb:2478 pmb:2909 smb:2773 d:s ref:0 ;
in:811 out:811 type:B dur:2 cpbdur:2 q:26.42 aq:20.20 tex:82988 mv:14247 misc:7053 imb:123 pmb:3774 smb:4263 d:s ref:0 ;
in:810 out:812 type:b dur:2 cpbdur:2 q:26.42 aq:21.67 tex:8897 mv:3457 misc:4134 imb:37 pmb:863 smb:7260 d:s ref:0 ;
in:812 out:813 type:b dur:2 cpbdur:2 q:26.42 aq:21.71 tex:20884 mv:8238 misc:6342 imb:211 pmb:1721 smb:6228 d:- ref:0 ;
in:815 out:814 type:P dur:2 cpbdur:2 q:26.40 aq:19.99 tex:643554 mv:54749 misc:4201 imb:2459 pmb:3785 smb:1916 d:s ref:0 ;
in:814 out:815 type:b dur:2 cpbdur:2 q:26.40 aq:22.27 tex:122560 mv:39823 misc:5673 imb:228 pmb:4288 smb:3644 d:s ref:0 ;
in:817 out:816 type:P dur:2 cpbdur:2 q:26.45 aq:20.06 tex:441780 mv:45718 misc:4286 imb:1615 pmb:4413 smb:2132 d:s ref:0 ;
in:816 out:817 type:b dur:2 cpbdur:2 q:26.45 aq:22.46 tex:62895 mv:32491 misc:7118 imb:203 pmb:3781 smb:4176 d:s ref:0 ;
in:821 out:818 type:P dur:2 cpbdur:2 q:26.58 aq:20.55 tex:477745 mv:47032 misc:4063 imb:1962 pmb:4150 smb:2048 d:s ref:0 ;
in:819 out:819 type:B dur:2 cpbdur:2 q:26.58 aq:21.37 tex:124334 mv:43758 misc:6292 imb:263 pmb:4831 smb:3066 d:s ref:0 ;
in:818 out:820 type:b dur:2 cpbdur:2 q:26.58 aq:22.79 tex:51002 mv:25762 misc:6908 imb:121 pmb:3304 smb:4735 d:s ref:0 ;
in:820 out:821 type:b dur:2 cpbdur:2 q:26.58 aq:22.93 tex:47804 mv:21808 misc:6892 imb:126 pmb:2989 smb:5045 d:- ref:0 ;
in:824 out:822 type:P dur:2 cpbdur:2 q:26.74 aq:22.75 tex:149866 mv:29653 misc:4777 imb:712 pmb:4265 smb:3183 d:s ref:0 ;
in:822 out:823 type:B dur:2 cpbdur:2 q:26.74 aq:23.19 tex:47561 mv:20398 misc:6849 imb:126 pmb:2799 smb:5235 d:s ref:0 ;
in:823 out:824 type:b dur:2 cpbdur:2 q:26.74 aq:22.85 tex:29236 mv:15036 misc:6584 imb:84 pmb:2459 smb:5617 d:- ref:0 ;
in:825 out:825 type:I dur:2 cpbdur:2 q:23.38 aq:16.13 tex:2027937 mv:305469 misc:690 imb:8160 pmb:0 smb:0 d:s ref:;
in:829 out:826 type:P dur:2 cpbdur:2 q:26.99 aq:19.63 tex:400463 mv:35940 misc:4013 imb:1221 pmb:5074 smb:1865 d:s ref:0 ;
in:827 out:827 type:B dur:2 cpbdur:2 q:26.99 aq:23.09 tex:29509 mv:23106 misc:6121 imb:127 pmb:1970 smb:6063 d:s ref:0 ;
in:826 out:828 type:b dur:2 cpbdur:2 q:26.99 aq:24.09 tex:7937 mv:14221 misc:4874 imb:73 pmb:1271 smb:6816 d:s ref:0 ;
in:828 out:829 type:b dur:2 cpbdur:2 q:26.99 aq:24.34 tex:6374 mv:11158 misc:4628 imb:35 pmb:1176 smb:6949 d:- ref:0 ;
in:833 out:830 type:P dur:2 cpbdur:2 q:27.27 aq:19.81 tex:374339 mv:32680 misc:4293 imb:1288 pmb:4824 smb:2048 d:s ref:0 ;
in:831 out:831 type:B dur:2 cpbdur:2 q:27.27 aq:23.38 tex:30970 mv:17733 misc:5505 imb:125 pmb:1692 smb:6343 d:s ref:0 ;
in:830 out:832 type:b dur:2 cpbdur:2 q:27.27 aq:24.10 tex:8269 mv:9645 misc:4262 imb:47 pmb:1041 smb:7072 d:s ref:0 ;
in:832 out:833 type:b dur:2 cpbdur:2 q:27.27 aq:24.48 tex:5383 mv:7410 misc:3711 imb:39 pmb:878 smb:7243 d:- ref:0 ;
in:837 out:834 type:P dur:2 cpbdur:2 q:27.27 aq:19.95 tex:435478 mv:29530 misc:4888 imb:1123 pmb:4749 smb:2288 d:s ref:0 ;
in:835 out:835 type:B dur:2 cpbdur:2 q:27.27 aq:23.08 tex:31303 mv:14704 misc:4809 imb:125 pmb:1504 smb:6531 d:s ref:0 ;
in:834 out:836 type:b dur:2 cpbdur:2 q:27.27 aq:24.96 tex:7267 mv:5740 misc:3273 imb:36 pmb:771 smb:7353 d:s ref:0 ;
in:836 out:837 type:b dur:2 cpbdur:2 q:27.27 aq:24.00 tex:5230 mv:4369 misc:2641 imb:36 pmb:632 smb:7492 d:- ref:0 ;
in:839 out:838 type:P dur:2 cpbdur:2 q:27.28 aq:19.47 tex:326458 mv:24656 misc:6142 imb:666 pmb:4648 smb:2846 d:s ref:0 ;
in:838 out:839 type:b dur:2 cpbdur:2 q:27.28 aq:23.46 tex:4204 mv:2720 misc:2492 imb:22 pmb:599 smb:7539 d:s ref:0 ;
in:843 out:840 type:P dur:2 cpbdur:2 q:27.26 aq:19.41 tex:442710 mv:24463 misc:5363 imb:898 pmb:4744 smb:2518 d:s ref:0 ;
in:841 out:841 type:B dur:2 cpbdur:2 q:27.28 aq:22.92 tex:51742 mv:7888 misc:3482 imb:108 pmb:1068 smb:6984 d:s ref:0 ;
in:840 out:842 type:b dur:2 cpbdur:2 q:27.28 aq:23.56 tex:13898 mv:4332 misc:2106 imb:38 pmb:591 smb:7531 d:s ref:0 ;
in:842 out:843 type:b dur:2 cpbdur:2 q:27.28 aq:22.73 tex:9656 mv:2829 misc:2083 imb:28 pmb:577 smb:7555 d:- ref:0 ;
in:847 out:844 type:P dur:2 cpbdur:2 q:27.33 aq:19.17 tex:284953 mv:16157 misc:6850 imb:693 pmb:3176 smb:4291 d:s ref:0 ;
in:845 out:845 type:B dur:2 cpbdur:2 q:27.33 aq:22.62 tex:29700 mv:6771 misc:2841 imb:70 pmb:854 smb:7236 d:s ref:0 ;
in:844 out:846 type:b dur:2 cpbdur:2 q:27.33 aq:23.29 tex:6446 mv:2788 misc:1918 imb:18 pmb:516 smb:7626 d:s ref:0 ;
in:846 out:847 type:b dur:2 cpbdur:2 q:27.33 aq:22.05 tex:2732 mv:2683 misc:1857 imb:15 pmb:498 smb:7647 d:- ref:0 ;
in:851 out:848 type:P dur:2 cpbdur:2 q:27.28 aq:19.63 tex:209737 mv:15541 misc:6906 imb:368 pmb:3555 smb:4237 d:s ref:0 ;
in:849 out:849 type:B dur:2 cpbdur:2 q:27.33 aq:22.89 tex:18072 mv:4842 misc:2718 imb:32 pmb:776 smb:7352 d:s ref:0 ;
in:848 out:850 type:b dur:2 cpbdur:2 q:27.33 aq:22.69 tex:2360 mv:1937 misc:1639 imb:13 pmb:402 smb:7745 d:s ref:0 ;
in:850 out:851 type:b dur:2 cpbdur:2 q:27.33 aq:24.05 tex:1709 mv:1460 misc:1727 imb:25 pmb:383 smb:7752 d:- ref:0 ;
in:855 out:852 type:P dur:2 cpbdur:2 q:27.21 aq:20.04 tex:159138 mv:14763 misc:6907 imb:283 pmb:3580 smb:4297 d:s ref:0 ;
in:853 out:853 type:B dur:2 cpbdur:2 q:27.28 aq:22.87 tex:11140 mv:3515 misc:2769 imb:26 pmb:639 smb:7495 d:s ref:0 ;
in:852 out:854 type:b dur:2 cpbdur:2 q:27.28 aq:22.24 tex:1688 mv:1407 misc:1761 imb:16 pmb:379 smb:7765 d:s ref:0 ;
in:854 out:855 type:b dur:2 cpbdur:2 q:27.28 aq:21.71 tex:1191 mv:820 misc:1413 imb:25 pmb:212 smb:7923 d:- ref:0 ;
in:859 out:856 type:P dur:2 cpbdur:2 q:27.12 aq:20.70 tex:164318 mv:17949 misc:6621 imb:598 pmb:3660 smb:3902 d:s ref:0 ;
in:857 out:857 type:B dur:2 cpbdur:2 q:27.21 aq:22.36 tex:10756 mv:2977 misc:3043 imb:32 pmb:692 smb:7436 d:s ref:0 ;
in:856 out:858 type:b dur:2 cpbdur:2 q:27.21 aq:23.25 tex:1027 mv:634 misc:1347 imb:4 pmb:187 smb:7969 d:s ref:0 ;
in:858 out:859 type:b dur:2 cpbdur:2 q:27.21 aq:21.90 tex:1763 mv:1232 misc:1861 imb:14 pmb:387 smb:7759 d:- ref:0 ;
in:863 out:860 type:P dur:2 cpbdur:2 q:27.03 aq:20.97 tex:445245 mv:29574 misc:4349 imb:632 pmb:5033 smb:2495 d:s ref:0 ;
in:861 out:861 type:B dur:2 cpbdur:2 q:27.11 aq:23.29 tex:44466 mv:11576 misc:5702 imb:67 pmb:1975 smb:6118 d:s ref:0 ;
in:860 out:862 type:b dur:2 cpbdur:2 q:27.12 aq:22.93 tex:1986 mv:1059 misc:1747 imb:14 pmb:334 smb:7812 d:s ref:0 ;
in:862 out:863 type:b dur:2 cpbdur:2 q:27.11 aq:23.68 tex:3994 mv:4065 misc:4613 imb:17 pmb:1172 smb:6971 d:- ref:0 ;
in:867 out:864 type:P dur:2 cpbdur:2 q:27.04 aq:20.99 tex:561792 mv:37166 misc:3386 imb:970 pmb:5369 smb:1821 d:s ref:0 ;
in:865 out:865 type:B dur:2 cpbdur:2 q:27.04 aq:23.78 tex:147538 mv:26412 misc:6754 imb:80 pmb:3698 smb:4382 d:t ref:0 ;
in:864 out:866 type:b dur:2 cpbdur:2 q:27.04 aq:24.56 tex:4710 mv:4748 misc:4774 imb:20 pmb:1175 smb:6965 d:s ref:0 ;
in:866 out:867 type:b dur:2 cpbdur:2 q:27.04 aq:23.89 tex:4217 mv:5371 misc:4596 imb:19 pmb:1187 smb:6954 d:- ref:0 ;
in:871 out:868 type:P dur:2 cpbdur:2 q:27.13 aq:20.60 tex:594772 mv:38735 misc:2789 imb:1223 pmb:5356 smb:1581 d:s ref:0 ;
in:869 out:869 type:B dur:2 cpbdur:2 q:27.13 aq:23.33 tex:120325 mv:27271 misc:7004 imb:123 pmb:3743 smb:4294 d:s ref:0 ;
in:868 out:870 type:b dur:2 cpbdur:2 q:27.13 aq:24.53 tex:4056 mv:4577 misc:4287 imb:15 pmb:1066 smb:7079 d:s ref:0 ;
in:870 out:871 type:b dur:2 cpbdur:2 q:27.13 aq:25.34 tex:22230 mv:10177 misc:4985 imb:22 pmb:1390 smb:6748 d:- ref:0 ;
in:875 out:872 type:P dur:2 cpbdur:2 q:27.21 aq:20.50 tex:471324 mv:36208 misc:2980 imb:723 pmb:5890 smb:1547 d:s ref:0 ;
in:873 out:873 type:B dur:2 cpbdur:2 q:27.21 aq:23.87 tex:46768 mv:15439 misc:6353 imb:36 pmb:2258 smb:5866 d:s ref:0 ;
in:872 out:874 type:b dur:2 cpbdur:2 q:27.21 aq:24.17 tex:3336 mv:5741 misc:4667 imb:12 pmb:1170 smb:6978 d:s ref:0 ;
in:874 out:875 type:b dur:2 cpbdur:2 q:27.21 aq:24.65 tex:3284 mv:4519 misc:4213 imb:13 pmb:979 smb:7168 d:- ref:0 ;
in:879 out:876 type:P dur:2 cpbdur:2 q:27.24 aq:20.81 tex:541922 mv:34545 misc:3173 imb:707 pmb:5770 smb:1683 d:s ref:0 ;
in:877 out:877 type:B dur:2 cpbdur:2 q:27.24 aq:24.03 tex:86059 mv:17911 misc:6766 imb:46 pmb:2815 smb:5299 d:s ref:0 ;
in:876 out:878 type:b dur:2 cpbdur:2 q:27.24 aq:24.37 tex:2985 mv:4805 misc:4266 imb:4 pmb:1007 smb:7149 d:s ref:0 ;
in:878 out:879 type:b dur:2 cpbdur:2 q:27.24 aq:24.72 tex:5167 mv:4468 misc:4725 imb:14 pmb:1176 smb:6970 d:- ref:0 ;
in:883 out:880 type:P dur:2 cpbdur:2 q:27.30 aq:20.67 tex:443705 mv:30075 misc:3820 imb:705 pmb:5542 smb:1913 d:s ref:0 ;
in:881 out:881 type:B dur:2 cpbdur:2 q:27.30 aq:24.16 tex:85068 mv:15305 misc:6435 imb:37 pmb:2480 smb:5643 d:t ref:0 ;
in:880 out:882 type:b dur:2 cpbdur:2 q:27.30 aq:23.86 tex:3275 mv:4349 misc:4104 imb:8 pmb:939 smb:7213 d:s ref:0 ;
in:882 out:883 type:b dur:2 cpbdur:2 q:27.30 aq:24.65 tex:4592 mv:4480 misc:4392 imb:13 pmb:1054 smb:7093 d:- ref:0 ;
in:887 out:884 type:P dur:2 cpbdur:2 q:27.32 aq:20.42 tex:389609 mv:28745 misc:3870 imb:739 pmb:5420 smb:2001 d:s ref:0 ;
in:885 out:885 type:B dur:2 cpbdur:2 q:27.32 aq:24.42 tex:16223 mv:7587 misc:4974 imb:32 pmb:1317 smb:6811 d:s ref:0 ;
in:884 out:886 type:b dur:2 cpbdur:2 q:27.32 aq:24.07 tex:3510 mv:5241 misc:4217 imb:11 pmb:1075 smb:7074 d:s ref:0 ;
in:886 out:887 type:b dur:2 cpbdur:2 q:27.32 aq:23.93 tex:2504 mv:3210 misc:2742 imb:12 pmb:480 smb:7668 d:- ref:0 ;
in:891 out:888 type:P dur:2 cpbdur:2 q:27.31 aq:20.52 tex:286298 mv:26335 misc:4703 imb:617 pmb:5198 smb:2345 d:s ref:0 ;
in:889 out:889 type:B dur:2 cpbdur:2 q:27.32 aq:23.81 tex:53799 mv:11393 misc:5992 imb:47 pmb:1961 smb:6152 d:t ref:0 ;
in:888 out:890 type:b dur:2 cpbdur:2 q:27.32 aq:24.76 tex:4498 mv:5786 misc:4356 imb:14 pmb:1073 smb:7073 d:s ref:0 ;
in:890 out:891 type:b dur:2 cpbdur:2 q:27.32 aq:23.99 tex:3447 mv:3822 misc:3531 imb:17 pmb:766 smb:7377 d:- ref:0 ;
in:895 out:892 type:P dur:2 cpbdur:2 q:27.27 aq:20.27 tex:307375 mv:26089 misc:4704 imb:764 pmb:5193 smb:2203 d:s ref:0 ;
in:893 out:893 type:B dur:2 cpbdur:2 q:27.31 aq:23.35 tex:34847 mv:7021 misc:4916 imb:78 pmb:1283 smb:6799 d:s ref:0 ;
in:892 out:894 type:b dur:2 cpbdur:2 q:27.31 aq:25.02 tex:4304 mv:4890 misc:3614 imb:8 pmb:849 smb:7303 d:s ref:0 ;
in:894 out:895 type:b dur:2 cpbdur:2 q:27.30 aq:24.69 tex:5367 mv:3431 misc:3018 imb:14 pmb:621 smb:7525 d:- ref:0 ;
in:899 out:896 type:P dur:2 cpbdur:2 q:27.24 aq:20.42 tex:314491 mv:23565 misc:5240 imb:531 pmb:5013 smb:2616 d:s ref:0 ;
in:897 out:897 type:B dur:2 cpbdur:2 q:27.27 aq:23.68 tex:52381 mv:8731 misc:5992 imb:48 pmb:1939 smb:6173 d:s ref:0 ;
in:896 out:898 type:b dur:2 cpbdur:2 q:27.27 aq:25.24 tex:6109 mv:2809 misc:3090 imb:12 pmb:633 smb:7515 d:s ref:0 ;
in:898 out:899 type:b dur:2 cpbdur:2 q:27.27 aq:24.75 tex:4186 mv:2043 misc:2187 imb:13 pmb:388 smb:7759 d:- ref:0 ;
in:903 out:900 type:P dur:2 cpbdur:2 q:27.21 aq:20.40 tex:414141 mv:27137 misc:4482 imb:519 pmb:5228 smb:2413 d:s ref:0 ;
in:901 out:901 type:B dur:2 cpbdur:2 q:27.24 aq:23.82 tex:62929 mv:11989 misc:6106 imb:73 pmb:2114 smb:5973 d:s ref:0 ;
in:900 out:902 type:b dur:2 cpbdur:2 q:27.24 aq:25.35 tex:14687 mv:4130 misc:2855 imb:26 pmb:623 smb:7511 d:s ref:0 ;
in:902 out:903 type:b dur:2 cpbdur:2 q:27.24 aq:23.28 tex:11209 mv:3107 misc:1420 imb:50 pmb:264 smb:7846 d:- ref:0 ;
in:907 out:904 type:P dur:2 cpbdur:2 q:27.22 aq:20.25 tex:406697 mv:29010 misc:4389 imb:651 pmb:5189 smb:2320 d:s ref:0 ;
in:905 out:905 type:B dur:2 cpbdur:2 q:27.22 aq:24.07 tex:67861 mv:15164 misc:6215 imb:45 pmb:2259 smb:5856 d:s ref:0 ;
in:904 out:906 type:b dur:2 cpbdur:2 q:27.22 aq:24.93 tex:5043 mv:2969 misc:2892 imb:6 pmb:581 smb:7573 d:s ref:0 ;
in:906 out:907 type:b dur:2 cpbdur:2 q:27.22 aq:24.91 tex:6340 mv:5122 misc:4106 imb:15 pmb:942 smb:7203 d:- ref:0 ;
in:911 out:908 type:P dur:2 cpbdur:2 q:27.24 aq:20.44 tex:382230 mv:27927 misc:4331 imb:493 pmb:5312 smb:2355 d:s ref:0 ;
in:909 out:909 type:B dur:2 cpbdur:2 q:27.24 aq:24.35 tex:66521 mv:15466 misc:6125 imb:39 pmb:2245 smb:5876 d:s ref:0 ;
in:908 out:910 type:b dur:2 cpbdur:2 q:27.24 aq:24.70 tex:5364 mv:3847 misc:3253 imb:7 pmb:691 smb:7462 d:s ref:0 ;
in:910 out:911 type:b dur:2 cpbdur:2 q:27.24 aq:25.47 tex:7422 mv:4948 misc:4102 imb:13 pmb:937 smb:7210 d:- ref:0 ;
in:915 out:912 type:P dur:2 cpbdur:2 q:27.24 aq:20.79 tex:380240 mv:28667 misc:4229 imb:604 pmb:5227 smb:2329 d:s ref:0 ;
in:913 out:913 type:B dur:2 cpbdur:2 q:27.24 aq:23.75 tex:63089 mv:16842 misc:6053 imb:64 pmb:2194 smb:5902 d:t ref:0 ;
in:912 out:914 type:b dur:2 cpbdur:2 q:27.24 aq:24.60 tex:5278 mv:5590 misc:4084 imb:13 pmb:936 smb:7211 d:s ref:0 ;
in:914 out:915 type:b dur:2 cpbdur:2 q:27.24 aq:25.24 tex:6955 mv:4836 misc:3833 imb:8 pmb:836 smb:7316 d:- ref:0 ;
in:919 out:916 type:P dur:2 cpbdur:2 q:27.24 aq:20.98 tex:347188 mv:28342 misc:4646 imb:528 pmb:5189 smb:2443 d:s ref:0 ;
in:917 out:917 type:B dur:2 cpbdur:2 q:27.24 aq:24.15 tex:55059 mv:16705 misc:6284 imb:59 pmb:2302 smb:5799 d:s ref:0 ;
in:916 out:918 type:b dur:2 cpbdur:2 q:27.24 aq:25.63 tex:26892 mv:8533 misc:4047 imb:28 pmb:1102 smb:7030 d:s ref:0 ;
in:918 out:919 type:b dur:2 cpbdur:2 q:27.24 aq:24.92 tex:6632 mv:5136 misc:3944 imb:21 pmb:920 smb:7219 d:- ref:0 ;
in:923 out:920 type:P dur:2 cpbdur:2 q:27.23 aq:20.90 tex:445959 mv:33672 misc:3929 imb:1020 pmb:5166 smb:1974 d:s ref:0 ;
in:921 out:921 type:B dur:2 cpbdur:2 q:27.24 aq:23.71 tex:79449 mv:18939 misc:6468 imb:84 pmb:2578 smb:5498 d:t ref:0 ;
in:920 out:922 type:b dur:2 cpbdur:2 q:27.24 aq:25.18 tex:8300 mv:8826 misc:4914 imb:18 pmb:1306 smb:6836 d:s ref:0 ;
in:922 out:923 type:b dur:2 cpbdur:2 q:27.24 aq:24.68 tex:6460 mv:6065 misc:4227 imb:24 pmb:974 smb:7162 d:- ref:0 ;
in:927 out:924 type:P dur:2 cpbdur:2 q:27.27 aq:20.93 tex:428715 mv:33391 misc:3894 imb:748 pmb:5506 smb:1906 d:s ref:0 ;
in:925 out:925 type:B dur:2 cpbdur:2 q:27.27 aq:23.79 tex:55168 mv:15732 misc:6084 imb:78 pmb:2134 smb:5948 d:t ref:0 ;
in:924 out:926 type:b dur:2 cpbdur:2 q:27.27 aq:24.74 tex:7898 mv:7765 misc:4633 imb:25 pmb:1180 smb:6955 d:s ref:0 ;
in:926 out:927 type:b dur:2 cpbdur:2 q:27.27 aq:24.25 tex:5959 mv:6299 misc:4254 imb:20 pmb:981 smb:7159 d:- ref:0 ;
in:931 out:928 type:P dur:2 cpbdur:2 q:27.28 aq:20.83 tex:536591 mv:34124 misc:3349 imb:703 pmb:5777 smb:1680 d:s ref:0 ;
in:929 out:929 type:B dur:2 cpbdur:2 q:27.28 aq:23.84 tex:84413 mv:19490 misc:6697 imb:72 pmb:2901 smb:5187 d:s ref:0 ;
in:928 out:930 type:b dur:2 cpbdur:2 q:27.28 aq:25.39 tex:11387 mv:8288 misc:4877 imb:19 pmb:1317 smb:6824 d:s ref:0 ;
in:930 out:931 type:b dur:2 cpbdur:2 q:27.28 aq:26.07 tex:29829 mv:10867 misc:4712 imb:34 pmb:1340 smb:6786 d:- ref:0 ;
in:935 out:932 type:P dur:2 cpbdur:2 q:27.34 aq:20.82 tex:477869 mv:32880 misc:3435 imb:671 pmb:5798 smb:1691 d:s ref:0 ;
in:933 out:933 type:B dur:2 cpbdur:2 q:27.34 aq:23.84 tex:82485 mv:19096 misc:6723 imb:65 pmb:2708 smb:5387 d:t ref:0 ;
in:932 out:934 type:b dur:2 cpbdur:2 q:27.34 aq:25.77 tex:20685 mv:8908 misc:3871 imb:17 pmb:998 smb:7145 d:s ref:0 ;
in:934 out:935 type:b dur:2 cpbdur:2 q:27.34 aq:25.36 tex:8360 mv:6411 misc:4381 imb:18 pmb:1060 smb:7082 d:- ref:0 ;
in:939 out:936 type:P dur:2 cpbdur:2 q:27.39 aq:20.46 tex:369626 mv:31412 misc:3882 imb:829 pmb:5545 smb:1786 d:s ref:0 ;
in:937 out:937 type:B dur:2 cpbdur:2 q:27.39 aq:23.40 tex:29293 mv:12342 misc:5701 imb:61 pmb:1648 smb:6451 d:t ref:0 ;
in:936 out:938 type:b dur:2 cpbdur:2 q:27.39 aq:24.63 tex:6694 mv:5965 misc:3909 imb:20 pmb:913 smb:7227 d:s ref:0 ;
in:938 out:939 type:b dur:2 cpbdur:2 q:27.39 aq:24.79 tex:5537 mv:5578 misc:3805 imb:24 pmb:832 smb:7304 d:- ref:0 ;
in:943 out:940 type:P dur:2 cpbdur:2 q:27.38 aq:20.49 tex:314952 mv:29931 misc:4365 imb:642 pmb:5408 smb:2110 d:s ref:0 ;
in:941 out:941 type:B dur:2 cpbdur:2 q:27.39 aq:23.35 tex:26611 mv:12600 misc:5765 imb:56 pmb:1689 smb:6415 d:t ref:0 ;
in:940 out:942 type:b dur:2 cpbdur:2 q:27.39 aq:24.48 tex:4887 mv:5688 misc:3569 imb:15 pmb:779 smb:7366 d:s ref:0 ;
in:942 out:943 type:b dur:2 cpbdur:2 q:27.39 aq:24.50 tex:4327 mv:5201 misc:3528 imb:18 pmb:765 smb:7377 d:- ref:0 ;
in:947 out:944 type:P dur:2 cpbdur:2 q:27.35 aq:20.50 tex:334909 mv:29378 misc:4385 imb:598 pmb:5423 smb:2139 d:s ref:0 ;
in:945 out:945 type:B dur:2 cpbdur:2 q:27.38 aq:24.14 tex:35330 mv:13426 misc:6028 imb:33 pmb:1912 smb:6215 d:t ref:0 ;
in:944 out:946 type:b dur:2 cpbdur:2 q:27.38 aq:24.77 tex:4615 mv:5198 misc:3459 imb:12 pmb:734 smb:7414 d:s ref:0 ;
in:946 out:947 type:b dur:2 cpbdur:2 q:27.38 aq:25.04 tex:14631 mv:7402 misc:4231 imb:16 pmb:1043 smb:7101 d:- ref:0 ;
in:951 out:948 type:P dur:2 cpbdur:2 q:27.33 aq:20.56 tex:362246 mv:28424 misc:4346 imb:546 pmb:5411 smb:2203 d:s ref:0 ;
in:949 out:949 type:B dur:2 cpbdur:2 q:27.35 aq:24.01 tex:38203 mv:13281 misc:5996 imb:40 pmb:1878 smb:6242 d:t ref:0 ;
in:948 out:950 type:b dur:2 cpbdur:2 q:27.35 aq:25.71 tex:6844 mv:5050 misc:3578 imb:12 pmb:801 smb:7347 d:s ref:0 ;
in:950 out:951 type:b dur:2 cpbdur:2 q:27.35 aq:24.61 tex:6587 mv:5957 misc:3976 imb:18 pmb:928 smb:7214 d:- ref:0 ;
in:955 out:952 type:P dur:2 cpbdur:2 q:27.32 aq:19.99 tex:346970 mv:30789 misc:4001 imb:916 pmb:5463 smb:1781 d:s ref:0 ;
in:953 out:953 type:B dur:2 cpbdur:2 q:27.33 aq:23.67 tex:53395 mv:16017 misc:6764 imb:78 pmb:2455 smb:5627 d:t ref:0 ;
in:952 out:954 type:b dur:2 cpbdur:2 q:27.33 aq:24.75 tex:9844 mv:6774 misc:4366 imb:26 pmb:1073 smb:7061 d:s ref:0 ;
in:954 out:955 type:b dur:2 cpbdur:2 q:27.33 aq:24.79 tex:5576 mv:5256 misc:3536 imb:15 pmb:775 smb:7370 d:- ref:0 ;
in:959 out:956 type:P dur:2 cpbdur:2 q:27.32 aq:20.24 tex:299008 mv:26971 misc:4893 imb:431 pmb:5415 smb:2314 d:s ref:0 ;
in:957 out:957 type:B dur:2 cpbdur:2 q:27.32 aq:23.23 tex:28685 mv:12562 misc:5921 imb:50 pmb:1767 smb:6343 d:t ref:0 ;
in:956 out:958 type:b dur:2 cpbdur:2 q:27.32 aq:24.85 tex:5124 mv:4698 misc:3386 imb:20 pmb:707 smb:7433 d:s ref:0 ;
in:958 out:959 type:b dur:2 cpbdur:2 q:27.32 aq:25.19 tex:4557 mv:4566 misc:3197 imb:11 pmb:647 smb:7502 d:- ref:0 ;
in:963 out:960 type:P dur:2 cpbdur:2 q:27.28 aq:20.20 tex:328571 mv:29385 misc:4588 imb:542 pmb:5483 smb:2135 d:s ref:0 ;
in:961 out:961 type:B dur:2 cpbdur:2 q:27.32 aq:23.45 tex:25987 mv:11465 misc:5756 imb:59 pmb:1607 smb:6494 d:t ref:0 ;
in:960 out:962 type:b dur:2 cpbdur:2 q:27.32 aq:24.54 tex:4609 mv:5166 misc:3369 imb:14 pmb:718 smb:7428 d:s ref:0 ;
in:962 out:963 type:b dur:2 cpbdur:2 q:27.32 aq:25.48 tex:11170 mv:6343 misc:4127 imb:10 pmb:980 smb:7170 d:- ref:0 ;
in:967 out:964 type:P dur:2 cpbdur:2 q:27.26 aq:20.33 tex:361271 mv:28789 misc:4468 imb:446 pmb:5440 smb:2274 d:s ref:0 ;
in:965 out:965 type:B dur:2 cpbdur:2 q:27.28 aq:23.13 tex:22923 mv:11890 misc:5811 imb:36 pmb:1635 smb:6489 d:s ref:0 ;
in:964 out:966 type:b dur:2 cpbdur:2 q:27.28 aq:25.09 tex:3917 mv:4612 misc:3031 imb:3 pmb:612 smb:7545 d:s ref:0 ;
in:966 out:967 type:b dur:2 cpbdur:2 q:27.28 aq:25.06 tex:14633 mv:7209 misc:4382 imb:26 pmb:1100 smb:7034 d:- ref:0 ;
in:971 out:968 type:P dur:2 cpbdur:2 q:27.24 aq:20.58 tex:341205 mv:28435 misc:4440 imb:491 pmb:5509 smb:2160 d:s ref:0 ;
in:969 out:969 type:B dur:2 cpbdur:2 q:27.26 aq:23.54 tex:19672 mv:11103 misc:5649 imb:41 pmb:1525 smb:6594 d:s ref:0 ;
in:968 out:970 type:b dur:2 cpbdur:2 q:27.26 aq:24.98 tex:6167 mv:5107 misc:3478 imb:10 pmb:709 smb:7441 d:s ref:0 ;
in:970 out:971 type:b dur:2 cpbdur:2 q:27.26 aq:25.12 tex:9838 mv:7098 misc:4264 imb:17 pmb:1027 smb:7116 d:- ref:0 ;
in:975 out:972 type:P dur:2 cpbdur:2 q:27.22 aq:20.79 tex:360513 mv:27441 misc:4358 imb:406 pmb:5462 smb:2292 d:s ref:0 ;
in:973 out:973 type:B dur:2 cpbdur:2 q:27.24 aq:23.94 tex:28243 mv:12179 misc:5794 imb:50 pmb:1733 smb:6377 d:s ref:0 ;
in:972 out:974 type:b dur:2 cpbdur:2 q:27.24 aq:25.12 tex:4252 mv:4423 misc:3093 imb:12 pmb:579 smb:7569 d:s ref:0 ;
in:974 out:975 type:b dur:2 cpbdur:2 q:27.24 aq:25.44 tex:15639 mv:6414 misc:3683 imb:23 pmb:891 smb:7246 d:- ref:0 ;
in:979 out:976 type:P dur:2 cpbdur:2 q:27.21 aq:20.87 tex:401473 mv:29120 misc:4199 imb:626 pmb:5388 smb:2146 d:s ref:0 ;
in:977 out:977 type:B dur:2 cpbdur:2 q:27.22 aq:24.39 tex:44315 mv:14038 misc:6119 imb:40 pmb:2058 smb:6062 d:t ref:0 ;
in:976 out:978 type:b dur:2 cpbdur:2 q:27.22 aq:24.51 tex:7641 mv:6031 misc:3816 imb:17 pmb:871 smb:7272 d:s ref:0 ;
in:978 out:979 type:b dur:2 cpbdur:2 q:27.22 aq:25.62 tex:16849 mv:6923 misc:3820 imb:26 pmb:927 smb:7207 d:- ref:0 ;
in:983 out:980 type:P dur:2 cpbdur:2 q:27.22 aq:21.06 tex:402880 mv:30394 misc:4542 imb:565 pmb:5378 smb:2217 d:s ref:0 ;
in:981 out:981 type:B dur:2 cpbdur:2 q:27.22 aq:24.74 tex:46920 mv:14212 misc:6108 imb:42 pmb:2102 smb:6016 d:t ref:0 ;
in:980 out:982 type:b dur:2 cpbdur:2 q:27.22 aq:24.76 tex:7221 mv:6375 misc:4116 imb:12 pmb:977 smb:7171 d:s ref:0 ;
in:982 out:983 type:b dur:2 cpbdur:2 q:27.22 aq:24.93 tex:7959 mv:5587 misc:3726 imb:22 pmb:847 smb:7291 d:- ref:0 ;
in:987 out:984 type:P dur:2 cpbdur:2 q:27.22 aq:20.82 tex:414571 mv:31085 misc:4272 imb:766 pmb:5432 smb:1962 d:s ref:0 ;
in:985 out:985 type:B dur:2 cpbdur:2 q:27.22 aq:24.41 tex:47480 mv:15486 misc:6762 imb:55 pmb:2434 smb:5671 d:s ref:0 ;
in:984 out:986 type:b dur:2 cpbdur:2 q:27.22 aq:24.15 tex:18027 mv:8545 misc:4044 imb:159 pmb:931 smb:7070 d:s ref:0 ;
in:986 out:987 type:b dur:2 cpbdur:2 q:27.22 aq:24.55 tex:9676 mv:5878 misc:3894 imb:33 pmb:898 smb:7229 d:- ref:0 ;
in:991 out:988 type:P dur:2 cpbdur:2 q:27.23 aq:21.24 tex:375956 mv:30469 misc:4223 imb:565 pmb:5619 smb:1976 d:s ref:0 ;
in:989 out:989 type:B dur:2 cpbdur:2 q:27.23 aq:23.78 tex:38444 mv:15301 misc:6591 imb:56 pmb:2221 smb:5883 d:s ref:0 ;
in:988 out:990 type:b dur:2 cpbdur:2 q:27.23 aq:24.33 tex:16506 mv:8618 misc:4252 imb:48 pmb:1030 smb:7082 d:s ref:0 ;
in:990 out:991 type:b dur:2 cpbdur:2 q:27.23 aq:25.05 tex:6326 mv:4810 misc:3376 imb:12 pmb:732 smb:7416 d:- ref:0 ;
in:995 out:992 type:P dur:2 cpbdur:2 q:27.23 aq:21.21 tex:438380 mv:33449 misc:3619 imb:695 pmb:5740 smb:1725 d:s ref:0 ;
in:993 out:993 type:B dur:2 cpbdur:2 q:27.23 aq:24.45 tex:60983 mv:18183 misc:6946 imb:62 pmb:2749 smb:5349 d:s ref:0 ;
in:992 out:994 type:b dur:2 cpbdur:2 q:27.23 aq:25.51 tex:30744 mv:11959 misc:4993 imb:38 pmb:1502 smb:6620 d:s ref:0 ;
in:994 out:995 type:b dur:2 cpbdur:2 q:27.23 aq:24.93 tex:7824 mv:5905 misc:4183 imb:19 pmb:976 smb:7165 d:- ref:0 ;
in:999 out:996 type:P dur:2 cpbdur:2 q:27.25 aq:21.20 tex:432784 mv:34307 misc:3645 imb:723 pmb:5666 smb:1771 d:s ref:0 ;
in:997 out:997 type:B dur:2 cpbdur:2 q:27.25 aq:23.55 tex:91666 mv:21524 misc:7114 imb:71 pmb:3416 smb:4673 d:s ref:0 ;
in:996 out:998 type:b dur:2 cpbdur:2 q:27.25 aq:25.43 tex:30562 mv:11612 misc:5082 imb:41 pmb:1492 smb:6627 d:s ref:0 ;
in:998 out:999 type:b dur:2 cpbdur:2 q:27.25 aq:25.24 tex:7665 mv:5755 misc:4292 imb:14 pmb:1036 smb:7110 d:- ref:0 ;
in:1003 out:1000 type:P dur:2 cpbdur:2 q:27.29 aq:20.80 tex:411393 mv:34934 misc:3617 imb:939 pmb:5450 smb:1771 d:s ref:0 ;
in:1001 out:1001 type:B dur:2 cpbdur:2 q:27.29 aq:23.15 tex:56064 mv:18933 misc:7107 imb:69 pmb:2962 smb:5129 d:s ref:0 ;
in:1000 out:1002 type:b dur:2 cpbdur:2 q:27.29 aq:24.93 tex:26683 mv:12717 misc:5344 imb:55 pmb:1551 smb:6554 d:s ref:0 ;
in:1002 out:1003 type:b dur:2 cpbdur:2 q:27.29 aq:25.08 tex:5429 mv:3864 misc:3139 imb:13 pmb:635 smb:7512 d:- ref:0 ;
in:1007 out:1004 type:P dur:2 cpbdur:2 q:27.31 aq:20.73 tex:428954 mv:35508 misc:3186 imb:781 pmb:5766 smb:1613 d:s ref:0 ;
in:1005 out:1005 type:B dur:2 cpbdur:2 q:27.31 aq:23.27 tex:65518 mv:20353 misc:6977 imb:78 pmb:2766 smb:5316 d:t ref:0 ;
in:1004 out:1006 type:b dur:2 cpbdur:2 q:27.31 aq:24.89 tex:17938 mv:11167 misc:5191 imb:38 pmb:1424 smb:6698 d:s ref:0 ;
in:1006 out:1007 type:b dur:2 cpbdur:2 q:27.31 aq:24.75 tex:5156 mv:5363 misc:3953 imb:16 pmb:886 smb:7258 d:- ref:0 ;
in:1011 out:1008 type:P dur:2 cpbdur:2 q:27.34 aq:20.71 tex:398259 mv:32928 misc:3661 imb:800 pmb:5542 smb:1818 d:s ref:0 ;
in:1009 out:1009 type:B dur:2 cpbdur:2 q:27.34 aq:23.20 tex:70125 mv:18878 misc:6973 imb:71 pmb:2841 smb:5248 d:t ref:0 ;
in:1008 out:1010 type:b dur:2 cpbdur:2 q:27.34 aq:25.27 tex:29098 mv:9349 misc:4737 imb:26 pmb:1358 smb:6776 d:s ref:0 ;
in:1010 out:1011 type:b dur:2 cpbdur:2 q:27.34 aq:24.15 tex:6955 mv:6095 misc:4646 imb:24 pmb:1081 smb:7055 d:- ref:0 ;
in:1015 out:1012 type:P dur:2 cpbdur:2 q:27.35 aq:20.36 tex:406589 mv:33395 misc:3720 imb:918 pmb:5634 smb:1608 d:s ref:0 ;
in:1013 out:1013 type:B dur:2 cpbdur:2 q:27.35 aq:23.54 tex:69459 mv:18936 misc:6973 imb:75 pmb:2865 smb:5220 d:s ref:0 ;
in:1012 out:1014 type:b dur:2 cpbdur:2 q:27.35 aq:25.61 tex:6536 mv:6135 misc:4217 imb:13 pmb:1015 smb:7132 d:s ref:0 ;
in:1014 out:1015 type:b dur:2 cpbdur:2 q:27.35 aq:25.33 tex:15147 mv:9374 misc:4831 imb:37 pmb:1235 smb:6888 d:- ref:0 ;
in:1019 out:1016 type:P dur:2 cpbdur:2 q:27.37 aq:20.36 tex:332401 mv:32501 misc:4378 imb:624 pmb:5698 smb:1838 d:s ref:0 ;
in:1017 out:1017 type:B dur:2 cpbdur:2 q:27.37 aq:23.05 tex:40144 mv:14394 misc:6942 imb:42 pmb:2540 smb:5578 d:s ref:0 ;
in:1016 out:1018 type:b dur:2 cpbdur:2 q:27.37 aq:24.02 tex:6008 mv:4696 misc:3968 imb:12 pmb:859 smb:7289 d:s ref:0 ;
in:1018 out:1019 type:b dur:2 cpbdur:2 q:27.37 aq:25.67 tex:18151 mv:8438 misc:4915 imb:21 pmb:1300 smb:6839 d:- ref:0 ;
in:1023 out:1020 type:P dur:2 cpbdur:2 q:27.36 aq:20.40 tex:406352 mv:32227 misc:4005 imb:712 pmb:5757 smb:1691 d:s ref:0 ;
in:1021 out:1021 type:B dur:2 cpbdur:2 q:27.37 aq:23.58 tex:36820 mv:12496 misc:6220 imb:30 pmb:1962 smb:6168 d:s ref:0 ;
in:1020 out:1022 type:b dur:2 cpbdur:2 q:27.37 aq:24.34 tex:5390 mv:4950 misc:3612 imb:8 pmb:793 smb:7359 d:s ref:0 ;
in:1022 out:1023 type:b dur:2 cpbdur:2 q:27.37 aq:24.23 tex:10078 mv:5747 misc:3711 imb:19 pmb:814 smb:7327 d:- ref:0 ;
in:1027 out:1024 type:P dur:2 cpbdur:2 q:27.36 aq:20.55 tex:448339 mv:31632 misc:4029 imb:560 pmb:5644 smb:1956 d:s ref:0 ;
in:1025 out:1025 type:B dur:2 cpbdur:2 q:27.36 aq:24.03 tex:53675 mv:13579 misc:6538 imb:22 pmb:2272 smb:5866 d:s ref:0 ;
in:1024 out:1026 type:b dur:2 cpbdur:2 q:27.36 aq:25.03 tex:5799 mv:3279 misc:3186 imb:10 pmb:639 smb:7511 d:s ref:0 ;
in:1026 out:1027 type:b dur:2 cpbdur:2 q:27.36 aq:25.34 tex:24602 mv:9079 misc:4775 imb:16 pmb:1356 smb:6788 d:- ref:0 ;
in:1031 out:1028 type:P dur:2 cpbdur:2 q:27.38 aq:20.24 tex:402970 mv:30901 misc:4097 imb:559 pmb:5634 smb:1967 d:s ref:0 ;
in:1029 out:1029 type:B dur:2 cpbdur:2 q:27.38 aq:24.33 tex:39370 mv:12687 misc:6159 imb:28 pmb:2040 smb:6092 d:s ref:0 ;
in:1028 out:1030 type:b dur:2 cpbdur:2 q:27.38 aq:24.38 tex:4685 mv:3645 misc:3382 imb:9 pmb:673 smb:7478 d:s ref:0 ;
in:1030 out:1031 type:b dur:2 cpbdur:2 q:27.38 aq:24.71 tex:10333 mv:5639 misc:4028 imb:18 pmb:917 smb:7225 d:- ref:0 ;
in:1035 out:1032 type:P dur:2 cpbdur:2 q:27.39 aq:20.52 tex:381564 mv:27964 misc:4192 imb:401 pmb:5561 smb:2198 d:s ref:0 ;
in:1033 out:1033 type:B dur:2 cpbdur:2 q:27.39 aq:23.63 tex:20513 mv:7388 misc:5043 imb:34 pmb:1277 smb:6849 d:s ref:0 ;
in:1032 out:1034 type:b dur:2 cpbdur:2 q:27.39 aq:24.36 tex:3247 mv:2322 misc:2511 imb:4 pmb:430 smb:7726 d:s ref:0 ;
in:1034 out:1035 type:b dur:2 cpbdur:2 q:27.39 aq:24.81 tex:10099 mv:5319 misc:4078 imb:17 pmb:949 smb:7194 d:- ref:0 ;
in:1039 out:1036 type:P dur:2 cpbdur:2 q:27.38 aq:20.56 tex:410916 mv:30850 misc:3946 imb:737 pmb:5465 smb:1958 d:s ref:0 ;
in:1037 out:1037 type:B dur:2 cpbdur:2 q:27.39 aq:23.69 tex:30393 mv:9442 misc:5349 imb:105 pmb:1509 smb:6546 d:s ref:0 ;
in:1036 out:1038 type:b dur:2 cpbdur:2 q:27.39 aq:24.19 tex:3749 mv:4773 misc:3806 imb:5 pmb:877 smb:7278 d:s ref:0 ;
in:1038 out:1039 type:b dur:2 cpbdur:2 q:27.39 aq:23.64 tex:8188 mv:3782 misc:2566 imb:18 pmb:565 smb:7577 d:- ref:0 ;
in:1043 out:1040 type:P dur:2 cpbdur:2 q:27.38 aq:20.66 tex:403047 mv:27432 misc:4297 imb:445 pmb:5504 smb:2211 d:s ref:0 ;
in:1041 out:1041 type:B dur:2 cpbdur:2 q:27.38 aq:23.85 tex:30845 mv:8147 misc:5872 imb:29 pmb:1832 smb:6299 d:s ref:0 ;
in:1040 out:1042 type:b dur:2 cpbdur:2 q:27.38 aq:24.31 tex:3249 mv:3182 misc:3049 imb:8 pmb:605 smb:7547 d:s ref:0 ;
in:1042 out:1043 type:b dur:2 cpbdur:2 q:27.38 aq:23.54 tex:2073 mv:1208 misc:1999 imb:6 pmb:301 smb:7853 d:- ref:0 ;
in:1047 out:1044 type:P dur:2 cpbdur:2 q:27.37 aq:20.64 tex:439877 mv:28685 misc:3950 imb:692 pmb:5552 smb:1916 d:s ref:0 ;
in:1045 out:1045 type:B dur:2 cpbdur:2 q:27.38 aq:23.52 tex:31285 mv:10292 misc:6095 imb:49 pmb:2020 smb:6091 d:s ref:0 ;
in:1044 out:1046 type:b dur:2 cpbdur:2 q:27.38 aq:25.06 tex:13963 mv:3974 misc:3607 imb:18 pmb:850 smb:7292 d:s ref:0 ;
in:1046 out:1047 type:b dur:2 cpbdur:2 q:27.38 aq:23.41 tex:1973 mv:1543 misc:2172 imb:9 pmb:360 smb:7791 d:- ref:0 ;
in:1051 out:1048 type:P dur:2 cpbdur:2 q:27.38 aq:20.94 tex:441997 mv:26980 misc:3703 imb:366 pmb:5904 smb:1890 d:s ref:0 ;
in:1049 out:1049 type:B dur:2 cpbdur:2 q:27.38 aq:23.51 tex:28205 mv:8918 misc:6349 imb:26 pmb:2073 smb:6061 d:s ref:0 ;
in:1048 out:1050 type:b dur:2 cpbdur:2 q:27.38 aq:24.40 tex:9328 mv:3039 misc:2849 imb:39 pmb:616 smb:7505 d:s ref:0 ;
in:1050 out:1051 type:b dur:2 cpbdur:2 q:27.38 aq:23.50 tex:2022 mv:952 misc:1642 imb:8 pmb:217 smb:7935 d:- ref:0 ;
in:1055 out:1052 type:P dur:2 cpbdur:2 q:27.38 aq:20.80 tex:477495 mv:27912 misc:3593 imb:476 pmb:5832 smb:1852 d:s ref:0 ;
in:1053 out:1053 type:B dur:2 cpbdur:2 q:27.38 aq:23.79 tex:31990 mv:8610 misc:5952 imb:23 pmb:1906 smb:6231 d:s ref:0 ;
in:1052 out:1054 type:b dur:2 cpbdur:2 q:27.38 aq:25.28 tex:11288 mv:3576 misc:3560 imb:10 pmb:792 smb:7358 d:s ref:0 ;
in:1054 out:1055 type:b dur:2 cpbdur:2 q:27.38 aq:23.46 tex:2064 mv:1227 misc:1965 imb:12 pmb:284 smb:7864 d:- ref:0 ;
in:1059 out:1056 type:P dur:2 cpbdur:2 q:27.40 aq:20.53 tex:375543 mv:26806 misc:4035 imb:560 pmb:5598 smb:2002 d:s ref:0 ;
in:1057 out:1057 type:B dur:2 cpbdur:2 q:27.40 aq:23.22 tex:37628 mv:8261 misc:6207 imb:23 pmb:2045 smb:6092 d:s ref:0 ;
in:1056 out:1058 type:b dur:2 cpbdur:2 q:27.40 aq:25.35 tex:8315 mv:2580 misc:3113 imb:15 pmb:607 smb:7538 d:s ref:0 ;
in:1058 out:1059 type:b dur:2 cpbdur:2 q:27.40 aq:23.63 tex:1886 mv:947 misc:1855 imb:8 pmb:256 smb:7896 d:- ref:0 ;
in:1063 out:1060 type:P dur:2 cpbdur:2 q:27.38 aq:20.26 tex:399147 mv:26615 misc:3542 imb:531 pmb:5742 smb:1887 d:s ref:0 ;
in:1061 out:1061 type:B dur:2 cpbdur:2 q:27.40 aq:22.41 tex:19914 mv:6460 misc:5794 imb:20 pmb:1640 smb:6500 d:s ref:0 ;
in:1060 out:1062 type:b dur:2 cpbdur:2 q:27.40 aq:24.03 tex:4100 mv:2210 misc:2834 imb:13 pmb:487 smb:7660 d:s ref:0 ;
in:1062 out:1063 type:b dur:2 cpbdur:2 q:27.40 aq:22.74 tex:1186 mv:651 misc:1139 imb:13 pmb:116 smb:8031 d:- ref:0 ;
in:1067 out:1064 type:P dur:2 cpbdur:2 q:27.37 aq:20.20 tex:360627 mv:25034 misc:4171 imb:484 pmb:5517 smb:2159 d:s ref:0 ;
in:1065 out:1065 type:B dur:2 cpbdur:2 q:27.38 aq:23.02 tex:27347 mv:5004 misc:5281 imb:28 pmb:1422 smb:6710 d:s ref:0 ;
in:1064 out:1066 type:b dur:2 cpbdur:2 q:27.38 aq:24.16 tex:3572 mv:1499 misc:2553 imb:3 pmb:425 smb:7732 d:s ref:0 ;
in:1066 out:1067 type:b dur:2 cpbdur:2 q:27.38 aq:23.35 tex:1404 mv:1075 misc:2233 imb:9 pmb:360 smb:7791 d:- ref:0 ;
in:1071 out:1068 type:P dur:2 cpbdur:2 q:27.35 aq:20.28 tex:325213 mv:23337 misc:4578 imb:573 pmb:5277 smb:2310 d:s ref:0 ;
in:1069 out:1069 type:B dur:2 cpbdur:2 q:27.37 aq:22.14 tex:9457 mv:3217 misc:3886 imb:40 pmb:775 smb:7345 d:s ref:0 ;
in:1068 out:1070 type:b dur:2 cpbdur:2 q:27.37 aq:23.51 tex:2390 mv:1479 misc:1779 imb:15 pmb:253 smb:7892 d:s ref:0 ;
in:1070 out:1071 type:b dur:2 cpbdur:2 q:27.37 aq:23.45 tex:1089 mv:812 misc:1363 imb:11 pmb:178 smb:7971 d:- ref:0 ;
in:1074 out:1072 type:P dur:2 cpbdur:2 q:27.31 aq:23.13 tex:34948 mv:8681 misc:5579 imb:405 pmb:1417 smb:6338 d:s ref:0 ;
in:1072 out:1073 type:B dur:2 cpbdur:2 q:27.35 aq:23.51 tex:5860 mv:2236 misc:2544 imb:18 pmb:474 smb:7668 d:s ref:0 ;
in:1073 out:1074 type:b dur:2 cpbdur:2 q:27.35 aq:22.17 tex:1682 mv:1031 misc:1663 imb:21 pmb:245 smb:7894 d:- ref:0 ;
in:1075 out:1075 type:I dur:2 cpbdur:2 q:24.45 aq:17.15 tex:1833888 mv:303700 misc:676 imb:8160 pmb:0 smb:0 d:s ref:;
in:1077 out:1076 type:P dur:2 cpbdur:2 q:27.44 aq:20.45 tex:122867 mv:11111 misc:6990 imb:197 pmb:3038 smb:4925 d:s ref:0 ;
in:1076 out:1077 type:b dur:2 cpbdur:2 q:27.44 aq:24.11 tex:1629 mv:660 misc:1271 imb:11 pmb:164 smb:7985 d:s ref:0 ;
in:1081 out:1078 type:P dur:2 cpbdur:2 q:27.61 aq:20.43 tex:307397 mv:21589 misc:5222 imb:476 pmb:4980 smb:2704 d:s ref:0 ;
in:1079 out:1079 type:B dur:2 cpbdur:2 q:27.61 aq:23.20 tex:6205 mv:2426 misc:2809 imb:38 pmb:512 smb:7610 d:s ref:0 ;
in:1078 out:1080 type:b dur:2 cpbdur:2 q:27.61 aq:23.89 tex:2503 mv:1445 misc:1404 imb:22 pmb:205 smb:7933 d:s ref:0 ;
in:1080 out:1081 type:b dur:2 cpbdur:2 q:27.61 aq:24.32 tex:1099 mv:532 misc:1145 imb:6 pmb:130 smb:8024 d:- ref:0 ;
in:1085 out:1082 type:P dur:2 cpbdur:2 q:27.59 aq:20.37 tex:273076 mv:20948 misc:5488 imb:493 pmb:4821 smb:2846 d:s ref:0 ;
in:1083 out:1083 type:B dur:2 cpbdur:2 q:27.61 aq:22.34 tex:6560 mv:2068 misc:2628 imb:27 pmb:449 smb:7684 d:s ref:0 ;
in:1082 out:1084 type:b dur:2 cpbdur:2 q:27.61 aq:24.27 tex:1984 mv:1203 misc:1437 imb:6 pmb:208 smb:7946 d:s ref:0 ;
in:1084 out:1085 type:b dur:2 cpbdur:2 q:27.61 aq:24.87 tex:1132 mv:786 misc:1162 imb:4 pmb:144 smb:8012 d:- ref:0 ;
in:1089 out:1086 type:P dur:2 cpbdur:2 q:27.53 aq:21.04 tex:222545 mv:17116 misc:6419 imb:347 pmb:4176 smb:3637 d:s ref:0 ;
in:1087 out:1087 type:B dur:2 cpbdur:2 q:27.59 aq:23.20 tex:7955 mv:2565 misc:2864 imb:28 pmb:586 smb:7546 d:s ref:0 ;
in:1086 out:1088 type:b dur:2 cpbdur:2 q:27.59 aq:24.04 tex:2629 mv:1132 misc:1351 imb:7 pmb:205 smb:7948 d:s ref:0 ;
in:1088 out:1089 type:b dur:2 cpbdur:2 q:27.59 aq:23.94 tex:1733 mv:684 misc:1159 imb:7 pmb:153 smb:8000 d:- ref:0 ;
in:1093 out:1090 type:P dur:2 cpbdur:2 q:27.47 aq:21.83 tex:149976 mv:13055 misc:6681 imb:374 pmb:2763 smb:5023 d:s ref:0 ;
in:1091 out:1091 type:B dur:2 cpbdur:2 q:27.53 aq:22.66 tex:15542 mv:4408 misc:3282 imb:43 pmb:814 smb:7303 d:s ref:0 ;
in:1090 out:1092 type:b dur:2 cpbdur:2 q:27.53 aq:23.35 tex:3466 mv:2394 misc:1844 imb:15 pmb:410 smb:7735 d:s ref:0 ;
in:1092 out:1093 type:b dur:2 cpbdur:2 q:27.53 aq:25.05 tex:3301 mv:1982 misc:1453 imb:5 pmb:297 smb:7858 d:- ref:0 ;
in:1097 out:1094 type:P dur:2 cpbdur:2 q:27.38 aq:22.38 tex:175931 mv:18188 misc:6625 imb:898 pmb:2902 smb:4360 d:s ref:0 ;
in:1095 out:1095 type:B dur:2 cpbdur:2 q:27.47 aq:22.91 tex:45699 mv:9089 misc:4820 imb:62 pmb:1469 smb:6629 d:s ref:0 ;
in:1094 out:1096 type:b dur:2 cpbdur:2 q:27.47 aq:23.87 tex:7970 mv:3748 misc:2266 imb:17 pmb:536 smb:7607 d:s ref:0 ;
in:1096 out:1097 type:b dur:2 cpbdur:2 q:27.47 aq:24.59 tex:12762 mv:4175 misc:2111 imb:24 pmb:532 smb:7604 d:- ref:0 ;
in:1100 out:1098 type:P dur:2 cpbdur:2 q:27.32 aq:24.49 tex:64522 mv:8482 misc:4052 imb:531 pmb:969 smb:6660 d:s ref:0 ;
in:1098 out:1099 type:B dur:2 cpbdur:2 q:27.38 aq:23.87 tex:21074 mv:5092 misc:2322 imb:48 pmb:628 smb:7484 d:s ref:0 ;
in:1099 out:1100 type:b dur:2 cpbdur:2 q:27.38 aq:25.15 tex:11406 mv:1883 misc:2575 imb:29 pmb:554 smb:7577 d:- ref:0 ;
in:1101 out:1101 type:I dur:2 cpbdur:2 q:24.53 aq:17.57 tex:542246 mv:76363 misc:623 imb:8160 pmb:0 smb:0 d:s ref:;
in:1105 out:1102 type:P dur:2 cpbdur:2 q:27.30 aq:19.81 tex:74529 mv:16580 misc:5387 imb:1258 pmb:1385 smb:5517 d:s ref:0 ;
in:1103 out:1103 type:B dur:2 cpbdur:2 q:27.30 aq:20.63 tex:6710 mv:9841 misc:4457 imb:196 pmb:973 smb:6991 d:s ref:0 ;
in:1102 out:1104 type:b dur:2 cpbdur:2 q:27.30 aq:20.99 tex:1997 mv:4132 misc:2535 imb:60 pmb:415 smb:7685 d:s ref:0 ;
in:1104 out:1105 type:b dur:2 cpbdur:2 q:27.30 aq:21.23 tex:2900 mv:4788 misc:3328 imb:125 pmb:574 smb:7461 d:- ref:0 ;
in:1109 out:1106 type:P dur:2 cpbdur:2 q:27.26 aq:19.80 tex:80861 mv:14667 misc:5624 imb:957 pmb:1406 smb:5797 d:s ref:0 ;
in:1107 out:1107 type:B dur:2 cpbdur:2 q:27.30 aq:20.67 tex:7733 mv:7847 misc:4420 imb:212 pmb:831 smb:7117 d:s ref:0 ;
in:1106 out:1108 type:b dur:2 cpbdur:2 q:27.30 aq:21.09 tex:3063 mv:3239 misc:2546 imb:113 pmb:404 smb:7643 d:s ref:0 ;
in:1108 out:1109 type:b dur:2 cpbdur:2 q:27.30 aq:21.23 tex:2997 mv:2560 misc:2347 imb:79 pmb:320 smb:7761 d:- ref:0 ;
in:1113 out:1110 type:P dur:2 cpbdur:2 q:27.16 aq:19.76 tex:126368 mv:12826 misc:5510 imb:854 pmb:1409 smb:5897 d:s ref:0 ;
in:1111 out:1111 type:B dur:2 cpbdur:2 q:27.26 aq:20.53 tex:7649 mv:5870 misc:3841 imb:269 pmb:630 smb:7261 d:s ref:0 ;
in:1110 out:1112 type:b dur:2 cpbdur:2 q:27.26 aq:21.30 tex:4541 mv:2253 misc:2078 imb:109 pmb:253 smb:7798 d:s ref:0 ;
in:1112 out:1113 type:b dur:2 cpbdur:2 q:27.26 aq:21.25 tex:1908 mv:2032 misc:1956 imb:74 pmb:281 smb:7805 d:- ref:0 ;
in:1117 out:1114 type:P dur:2 cpbdur:2 q:27.07 aq:19.39 tex:146612 mv:10800 misc:5188 imb:797 pmb:1395 smb:5968 d:s ref:0 ;
in:1115 out:1115 type:B dur:2 cpbdur:2 q:27.16 aq:20.00 tex:9507 mv:4874 misc:3267 imb:286 pmb:483 smb:7391 d:s ref:0 ;
in:1114 out:1116 type:b dur:2 cpbdur:2 q:27.16 aq:20.52 tex:2689 mv:2876 misc:2595 imb:137 pmb:379 smb:7644 d:s ref:0 ;
in:1116 out:1117 type:b dur:2 cpbdur:2 q:27.16 aq:20.97 tex:8533 mv:3044 misc:2151 imb:94 pmb:351 smb:7715 d:- ref:0 ;
in:1121 out:1118 type:P dur:2 cpbdur:2 q:27.35 aq:19.99 tex:142142 mv:8406 misc:4268 imb:550 pmb:1213 smb:6397 d:s ref:0 ;
in:1119 out:1119 type:B dur:2 cpbdur:2 q:27.37 aq:19.97 tex:9674 mv:3981 misc:2553 imb:141 pmb:452 smb:7567 d:s ref:0 ;
in:1118 out:1120 type:b dur:2 cpbdur:2 q:27.37 aq:20.80 tex:5054 mv:2561 misc:1793 imb:97 pmb:275 smb:7788 d:s ref:0 ;
in:1120 out:1121 type:b dur:2 cpbdur:2 q:27.40 aq:20.93 tex:5369 mv:2315 misc:1588 imb:119 pmb:286 smb:7755 d:- ref:0 ;
in:1125 out:1122 type:P dur:2 cpbdur:2 q:26.90 aq:19.58 tex:125634 mv:10490 misc:5140 imb:678 pmb:1547 smb:5935 d:s ref:0 ;
in:1123 out:1123 type:B dur:2 cpbdur:2 q:27.39 aq:20.49 tex:7482 mv:3649 misc:2709 imb:173 pmb:440 smb:7547 d:s ref:0 ;
in:1122 out:1124 type:b dur:2 cpbdur:2 q:27.42 aq:21.34 tex:1923 mv:2475 misc:1906 imb:73 pmb:315 smb:7772 d:s ref:0 ;
in:1124 out:1125 type:b dur:2 cpbdur:2 q:27.39 aq:21.53 tex:1489 mv:1638 misc:1537 imb:69 pmb:236 smb:7855 d:- ref:0 ;
in:1129 out:1126 type:P dur:2 cpbdur:2 q:26.81 aq:19.69 tex:83622 mv:9720 misc:5258 imb:574 pmb:1500 smb:6086 d:s ref:0 ;
in:1127 out:1127 type:B dur:2 cpbdur:2 q:26.90 aq:19.86 tex:4714 mv:2975 misc:2775 imb:144 pmb:392 smb:7624 d:s ref:0 ;
in:1126 out:1128 type:b dur:2 cpbdur:2 q:26.90 aq:20.25 tex:3146 mv:2066 misc:2156 imb:100 pmb:291 smb:7769 d:s ref:0 ;
in:1128 out:1129 type:b dur:2 cpbdur:2 q:26.90 aq:20.33 tex:2290 mv:1818 misc:1932 imb:68 pmb:278 smb:7814 d:- ref:0 ;
in:1133 out:1130 type:P dur:2 cpbdur:2 q:26.70 aq:19.50 tex:71863 mv:9188 misc:4837 imb:450 pmb:1467 smb:6243 d:s ref:0 ;
in:1131 out:1131 type:B dur:2 cpbdur:2 q:26.81 aq:19.96 tex:5185 mv:2460 misc:2643 imb:99 pmb:360 smb:7701 d:s ref:0 ;
in:1130 out:1132 type:b dur:2 cpbdur:2 q:26.81 aq:20.27 tex:1838 mv:1064 misc:1730 imb:52 pmb:200 smb:7908 d:s ref:0 ;
in:1132 out:1133 type:b dur:2 cpbdur:2 q:26.81 aq:20.34 tex:1869 mv:1061 misc:1574 imb:39 pmb:194 smb:7927 d:- ref:0 ;
in:1137 out:1134 type:P dur:2 cpbdur:2 q:26.59 aq:19.35 tex:72504 mv:9347 misc:4845 imb:422 pmb:1502 smb:6236 d:s ref:0 ;
in:1135 out:1135 type:B dur:2 cpbdur:2 q:26.70 aq:19.79 tex:4773 mv:2473 misc:2722 imb:122 pmb:346 smb:7692 d:s ref:0 ;
in:1134 out:1136 type:b dur:2 cpbdur:2 q:26.70 aq:20.37 tex:2707 mv:1311 misc:1814 imb:68 pmb:199 smb:7893 d:s ref:0 ;
in:1136 out:1137 type:b dur:2 cpbdur:2 q:26.70 aq:20.10 tex:2873 mv:1180 misc:1827 imb:59 pmb:202 smb:7899 d:- ref:0 ;
in:1141 out:1138 type:P dur:2 cpbdur:2 q:26.48 aq:19.19 tex:78859 mv:10656 misc:5709 imb:621 pmb:1585 smb:5954 d:s ref:0 ;
in:1139 out:1139 type:B dur:2 cpbdur:2 q:26.59 aq:20.00 tex:6948 mv:3148 misc:3240 imb:123 pmb:476 smb:7561 d:s ref:0 ;
in:1138 out:1140 type:b dur:2 cpbdur:2 q:26.59 aq:19.97 tex:2733 mv:1392 misc:2155 imb:66 pmb:267 smb:7827 d:s ref:0 ;
in:1140 out:1141 type:b dur:2 cpbdur:2 q:26.59 aq:19.80 tex:2126 mv:1442 misc:1800 imb:84 pmb:176 smb:7900 d:- ref:0 ;
in:1145 out:1142 type:P dur:2 cpbdur:2 q:26.38 aq:18.95 tex:78990 mv:10977 misc:5633 imb:638 pmb:1578 smb:5944 d:s ref:0 ;
in:1143 out:1143 type:B dur:2 cpbdur:2 q:26.48 aq:19.93 tex:5571 mv:2428 misc:2857 imb:95 pmb:402 smb:7663 d:s ref:0 ;
in:1142 out:1144 type:b dur:2 cpbdur:2 q:26.48 aq:20.25 tex:2198 mv:873 misc:1497 imb:30 pmb:172 smb:7958 d:s ref:0 ;
in:1144 out:1145 type:b dur:2 cpbdur:2 q:26.48 aq:20.23 tex:2595 mv:1187 misc:1890 imb:57 pmb:217 smb:7886 d:- ref:0 ;
in:1149 out:1146 type:P dur:2 cpbdur:2 q:26.27 aq:18.99 tex:78195 mv:10815 misc:5574 imb:564 pmb:1631 smb:5965 d:s ref:0 ;
in:1147 out:1147 type:B dur:2 cpbdur:2 q:26.38 aq:19.62 tex:5943 mv:2564 misc:3013 imb:106 pmb:431 smb:7623 d:s ref:0 ;
in:1146 out:1148 type:b dur:2 cpbdur:2 q:26.38 aq:19.74 tex:3264 mv:1491 misc:2093 imb:71 pmb:254 smb:7835 d:s ref:0 ;
in:1148 out:1149 type:b dur:2 cpbdur:2 q:26.38 aq:19.80 tex:3453 mv:1789 misc:2206 imb:92 pmb:260 smb:7808 d:- ref:0 ;
in:1153 out:1150 type:P dur:2 cpbdur:2 q:26.16 aq:18.99 tex:84753 mv:12160 misc:5895 imb:676 pmb:1695 smb:5789 d:s ref:0 ;
in:1151 out:1151 type:B dur:2 cpbdur:2 q:26.27 aq:19.56 tex:7111 mv:3439 misc:3394 imb:128 pmb:529 smb:7503 d:s ref:0 ;
in:1150 out:1152 type:b dur:2 cpbdur:2 q:26.27 aq:19.97 tex:3912 mv:1535 misc:2137 imb:67 pmb:268 smb:7825 d:s ref:0 ;
in:1152 out:1153 type:b dur:2 cpbdur:2 q:26.27 aq:19.90 tex:4087 mv:1890 misc:2391 imb:85 pmb:295 smb:7780 d:- ref:0 ;
in:1157 out:1154 type:P dur:2 cpbdur:2 q:26.06 aq:18.92 tex:90171 mv:13317 misc:6000 imb:723 pmb:1801 smb:5636 d:s ref:0 ;
in:1155 out:1155 type:B dur:2 cpbdur:2 q:26.16 aq:19.65 tex:7118 mv:3669 misc:3397 imb:128 pmb:531 smb:7501 d:s ref:0 ;
in:1154 out:1156 type:b dur:2 cpbdur:2 q:26.16 aq:19.85 tex:5196 mv:2228 misc:2640 imb:91 pmb:380 smb:7689 d:s ref:0 ;
in:1156 out:1157 type:b dur:2 cpbdur:2 q:26.16 aq:20.01 tex:4335 mv:2229 misc:2636 imb:79 pmb:375 smb:7706 d:- ref:0 ;
in:1161 out:1158 type:P dur:2 cpbdur:2 q:25.96 aq:18.79 tex:96319 mv:13866 misc:6135 imb:846 pmb:1817 smb:5497 d:s ref:0 ;
in:1159 out:1159 type:B dur:2 cpbdur:2 q:26.06 aq:19.82 tex:8815 mv:4739 misc:3974 imb:132 pmb:709 smb:7319 d:s ref:0 ;
in:1158 out:1160 type:b dur:2 cpbdur:2 q:26.06 aq:19.95 tex:2717 mv:1541 misc:2126 imb:51 pmb:268 smb:7841 d:s ref:0 ;
in:1160 out:1161 type:b dur:2 cpbdur:2 q:26.06 aq:19.89 tex:4315 mv:3223 misc:3078 imb:89 pmb:484 smb:7587 d:- ref:0 ;
in:1165 out:1162 type:P dur:2 cpbdur:2 q:25.86 aq:18.69 tex:94997 mv:13350 misc:6157 imb:769 pmb:1808 smb:5583 d:s ref:0 ;
in:1163 out:1163 type:B dur:2 cpbdur:2 q:25.96 aq:19.23 tex:7998 mv:4627 misc:3967 imb:136 pmb:702 smb:7322 d:s ref:0 ;
in:1162 out:1164 type:b dur:2 cpbdur:2 q:25.96 aq:19.59 tex:4849 mv:2200 misc:2559 imb:98 pmb:347 smb:7715 d:s ref:0 ;
in:1164 out:1165 type:b dur:2 cpbdur:2 q:25.96 aq:19.63 tex:5791 mv:2732 misc:2933 imb:121 pmb:423 smb:7616 d:- ref:0 ;
in:1169 out:1166 type:P dur:2 cpbdur:2 q:25.76 aq:18.48 tex:98130 mv:14524 misc:6338 imb:896 pmb:1952 smb:5312 d:s ref:0 ;
in:1167 out:1167 type:B dur:2 cpbdur:2 q:25.86 aq:19.28 tex:9826 mv:4942 misc:3968 imb:156 pmb:720 smb:7284 d:s ref:0 ;
in:1166 out:1168 type:b dur:2 cpbdur:2 q:25.86 aq:19.87 tex:5130 mv:2070 misc:2656 imb:65 pmb:397 smb:7698 d:s ref:0 ;
in:1168 out:1169 type:b dur:2 cpbdur:2 q:25.86 aq:19.70 tex:4948 mv:2380 misc:2592 imb:92 pmb:356 smb:7712 d:- ref:0 ;
in:1173 out:1170 type:P dur:2 cpbdur:2 q:25.67 aq:18.60 tex:106581 mv:14800 misc:6339 imb:920 pmb:1895 smb:5345 d:s ref:0 ;
in:1171 out:1171 type:B dur:2 cpbdur:2 q:25.76 aq:19.15 tex:10540 mv:5378 misc:4178 imb:135 pmb:778 smb:7247 d:t ref:0 ;
in:1170 out:1172 type:b dur:2 cpbdur:2 q:25.76 aq:20.34 tex:4146 mv:2224 misc:2574 imb:71 pmb:364 smb:7725 d:s ref:0 ;
in:1172 out:1173 type:b dur:2 cpbdur:2 q:25.76 aq:19.80 tex:5323 mv:3398 misc:3103 imb:112 pmb:483 smb:7565 d:- ref:0 ;
in:1177 out:1174 type:P dur:2 cpbdur:2 q:25.57 aq:18.47 tex:108956 mv:15769 misc:6299 imb:981 pmb:1974 smb:5205 d:s ref:0 ;
in:1175 out:1175 type:B dur:2 cpbdur:2 q:25.67 aq:19.20 tex:11874 mv:5957 misc:4513 imb:155 pmb:912 smb:7093 d:t ref:0 ;
in:1174 out:1176 type:b dur:2 cpbdur:2 q:25.67 aq:19.62 tex:5979 mv:3033 misc:2948 imb:106 pmb:455 smb:7599 d:s ref:0 ;
in:1176 out:1177 type:b dur:2 cpbdur:2 q:25.67 aq:19.64 tex:6534 mv:3541 misc:3117 imb:118 pmb:464 smb:7578 d:- ref:0 ;
in:1181 out:1178 type:P dur:2 cpbdur:2 q:25.48 aq:18.37 tex:124776 mv:18011 misc:6605 imb:1118 pmb:2135 smb:4907 d:s ref:0 ;
in:1179 out:1179 type:B dur:2 cpbdur:2 q:25.57 aq:19.06 tex:13849 mv:8212 misc:5019 imb:153 pmb:1145 smb:6862 d:t ref:0 ;
in:1178 out:1180 type:b dur:2 cpbdur:2 q:25.57 aq:19.38 tex:7419 mv:3394 misc:3219 imb:101 pmb:524 smb:7535 d:s ref:0 ;
in:1180 out:1181 type:b dur:2 cpbdur:2 q:25.57 aq:19.26 tex:7082 mv:3678 misc:3376 imb:111 pmb:581 smb:7468 d:- ref:0 ;
in:1185 out:1182 type:P dur:2 cpbdur:2 q:25.39 aq:18.23 tex:128381 mv:17398 misc:6573 imb:1084 pmb:2140 smb:4936 d:s ref:0 ;
in:1183 out:1183 type:B dur:2 cpbdur:2 q:25.48 aq:19.19 tex:14091 mv:7360 misc:4725 imb:176 pmb:961 smb:7023 d:t ref:0 ;
in:1182 out:1184 type:b dur:2 cpbdur:2 q:25.48 aq:19.69 tex:7237 mv:3689 misc:3514 imb:114 pmb:579 smb:7467 d:s ref:0 ;
in:1184 out:1185 type:b dur:2 cpbdur:2 q:25.48 aq:19.07 tex:6664 mv:3361 misc:3311 imb:120 pmb:503 smb:7537 d:- ref:0 ;
in:1189 out:1186 type:P dur:2 cpbdur:2 q:25.31 aq:18.31 tex:133989 mv:18639 misc:6596 imb:1218 pmb:2166 smb:4776 d:s ref:0 ;
in:1187 out:1187 type:B dur:2 cpbdur:2 q:25.39 aq:18.91 tex:18551 mv:8867 misc:5110 imb:231 pmb:1130 smb:6799 d:t ref:0 ;
in:1186 out:1188 type:b dur:2 cpbdur:2 q:25.39 aq:19.38 tex:7884 mv:4659 misc:3689 imb:129 pmb:660 smb:7371 d:s ref:0 ;
in:1188 out:1189 type:b dur:2 cpbdur:2 q:25.39 aq:19.13 tex:6686 mv:3385 misc:3433 imb:104 pmb:547 smb:7509 d:- ref:0 ;
in:1193 out:1190 type:P dur:2 cpbdur:2 q:25.23 aq:18.22 tex:147800 mv:19441 misc:6567 imb:1281 pmb:2178 smb:4701 d:s ref:0 ;
in:1191 out:1191 type:B dur:2 cpbdur:2 q:25.31 aq:19.00 tex:20475 mv:9414 misc:5367 imb:210 pmb:1300 smb:6650 d:t ref:0 ;
in:1190 out:1192 type:b dur:2 cpbdur:2 q:25.31 aq:19.78 tex:6296 mv:3654 misc:3482 imb:109 pmb:585 smb:7466 d:s ref:0 ;
in:1192 out:1193 type:b dur:2 cpbdur:2 q:25.31 aq:19.31 tex:8820 mv:4014 misc:3590 imb:138 pmb:576 smb:7446 d:- ref:0 ;
in:1197 out:1194 type:P dur:2 cpbdur:2 q:25.15 aq:18.18 tex:144366 mv:20196 misc:6734 imb:1347 pmb:2185 smb:4628 d:s ref:0 ;
in:1195 out:1195 type:B dur:2 cpbdur:2 q:25.23 aq:18.69 tex:19563 mv:10474 misc:5571 imb:239 pmb:1337 smb:6584 d:t ref:0 ;
in:1194 out:1196 type:b dur:2 cpbdur:2 q:25.23 aq:19.27 tex:13138 mv:5575 misc:4247 imb:162 pmb:837 smb:7161 d:s ref:0 ;
in:1196 out:1197 type:b dur:2 cpbdur:2 q:25.22 aq:19.02 tex:12074 mv:4508 misc:3914 imb:151 pmb:698 smb:7311 d:- ref:0 ;
in:1201 out:1198 type:P dur:2 cpbdur:2 q:25.07 aq:18.19 tex:148108 mv:21048 misc:6652 imb:1449 pmb:2289 smb:4422 d:s ref:0 ;
in:1199 out:1199 type:B dur:2 cpbdur:2 q:25.15 aq:18.76 tex:16276 mv:10372 misc:5576 imb:213 pmb:1307 smb:6640 d:t ref:0 ;
in:1198 out:1200 type:b dur:2 cpbdur:2 q:25.15 aq:19.27 tex:9482 mv:5316 misc:4418 imb:126 pmb:857 smb:7177 d:s ref:0 ;
in:1200 out:1201 type:b dur:2 cpbdur:2 q:25.15 aq:19.48 tex:9417 mv:5504 misc:4279 imb:163 pmb:776 smb:7221 d:- ref:0 ;
in:1205 out:1202 type:P dur:2 cpbdur:2 q:25.00 aq:18.05 tex:164375 mv:21300 misc:6597 imb:1363 pmb:2324 smb:4473 d:s ref:0 ;
in:1203 out:1203 type:B dur:2 cpbdur:2 q:25.07 aq:18.75 tex:24717 mv:12690 misc:5889 imb:261 pmb:1570 smb:6329 d:t ref:0 ;
in:1202 out:1204 type:b dur:2 cpbdur:2 q:25.07 aq:19.44 tex:10557 mv:6459 misc:4720 imb:139 pmb:994 smb:7027 d:s ref:0 ;
in:1204 out:1205 type:b dur:2 cpbdur:2 q:25.07 aq:19.32 tex:14127 mv:5821 misc:4484 imb:169 pmb:887 smb:7104 d:- ref:0 ;
in:1209 out:1206 type:P dur:2 cpbdur:2 q:24.93 aq:18.00 tex:183521 mv:23591 misc:6680 imb:1546 pmb:2480 smb:4134 d:s ref:0 ;
in:1207 out:1207 type:B dur:2 cpbdur:2 q:25.00 aq:18.68 tex:24084 mv:12435 misc:6137 imb:240 pmb:1623 smb:6297 d:t ref:0 ;
in:1206 out:1208 type:b dur:2 cpbdur:2 q:25.00 aq:19.20 tex:13760 mv:6675 misc:4957 imb:152 pmb:1093 smb:6915 d:s ref:0 ;
in:1208 out:1209 type:b dur:2 cpbdur:2 q:25.00 aq:19.10 tex:12397 mv:5856 misc:4163 imb:160 pmb:790 smb:7210 d:- ref:0 ;
in:1213 out:1210 type:P dur:2 cpbdur:2 q:24.87 aq:17.99 tex:182239 mv:22773 misc:6636 imb:1544 pmb:2416 smb:4200 d:s ref:0 ;
in:1211 out:1211 type:B dur:2 cpbdur:2 q:24.93 aq:18.55 tex:22192 mv:12510 misc:6026 imb:227 pmb:1573 smb:6360 d:t ref:0 ;
in:1210 out:1212 type:b dur:2 cpbdur:2 q:24.93 aq:19.14 tex:16692 mv:7531 misc:4937 imb:166 pmb:1106 smb:6888 d:s ref:0 ;
in:1212 out:1213 type:b dur:2 cpbdur:2 q:24.93 aq:19.17 tex:15115 mv:6823 misc:4798 imb:172 pmb:1001 smb:6987 d:- ref:0 ;
in:1217 out:1214 type:P dur:2 cpbdur:2 q:24.80 aq:17.88 tex:196134 mv:24500 misc:6598 imb:1591 pmb:2568 smb:4001 d:s ref:0 ;
in:1215 out:1215 type:B dur:2 cpbdur:2 q:24.87 aq:18.71 tex:23023 mv:12356 misc:6101 imb:245 pmb:1591 smb:6324 d:t ref:0 ;
in:1214 out:1216 type:b dur:2 cpbdur:2 q:24.87 aq:19.03 tex:16040 mv:6937 misc:4839 imb:176 pmb:1055 smb:6929 d:s ref:0 ;
in:1216 out:1217 type:b dur:2 cpbdur:2 q:24.87 aq:18.99 tex:11595 mv:6585 misc:4676 imb:142 pmb:996 smb:7022 d:- ref:0 ;
in:1221 out:1218 type:P dur:2 cpbdur:2 q:24.75 aq:17.77 tex:197519 mv:24314 misc:6607 imb:1642 pmb:2570 smb:3948 d:s ref:0 ;
in:1219 out:1219 type:B dur:2 cpbdur:2 q:24.80 aq:18.58 tex:23194 mv:12341 misc:6057 imb:257 pmb:1520 smb:6383 d:t ref:0 ;
in:1218 out:1220 type:b dur:2 cpbdur:2 q:24.80 aq:18.59 tex:14345 mv:6520 misc:4671 imb:159 pmb:970 smb:7031 d:s ref:0 ;
in:1220 out:1221 type:b dur:2 cpbdur:2 q:24.80 aq:19.21 tex:12747 mv:6571 misc:4578 imb:159 pmb:925 smb:7076 d:- ref:0 ;
in:1225 out:1222 type:P dur:2 cpbdur:2 q:24.69 aq:17.75 tex:187041 mv:22632 misc:6639 imb:1489 pmb:2519 smb:4152 d:s ref:0 ;
in:1223 out:1223 type:B dur:2 cpbdur:2 q:24.75 aq:18.63 tex:24266 mv:12265 misc:5989 imb:239 pmb:1535 smb:6386 d:t ref:0 ;
in:1222 out:1224 type:b dur:2 cpbdur:2 q:24.75 aq:18.47 tex:15113 mv:6174 misc:4873 imb:165 pmb:1027 smb:6968 d:s ref:0 ;
in:1224 out:1225 type:b dur:2 cpbdur:2 q:24.75 aq:18.70 tex:16790 mv:6672 misc:4946 imb:173 pmb:1051 smb:6936 d:- ref:0 ;
in:1229 out:1226 type:P dur:2 cpbdur:2 q:24.63 aq:17.86 tex:188866 mv:23397 misc:6537 imb:1508 pmb:2512 smb:4140 d:s ref:0 ;
in:1227 out:1227 type:B dur:2 cpbdur:2 q:24.69 aq:18.46 tex:30331 mv:13450 misc:6339 imb:237 pmb:1790 smb:6133 d:t ref:0 ;
in:1226 out:1228 type:b dur:2 cpbdur:2 q:24.69 aq:18.70 tex:16079 mv:6697 misc:4976 imb:155 pmb:1116 smb:6889 d:s ref:0 ;
in:1228 out:1229 type:b dur:2 cpbdur:2 q:24.69 aq:18.51 tex:15557 mv:5949 misc:4486 imb:186 pmb:880 smb:7094 d:- ref:0 ;
in:1233 out:1230 type:P dur:2 cpbdur:2 q:24.57 aq:17.74 tex:201365 mv:23516 misc:6463 imb:1445 pmb:2694 smb:4021 d:s ref:0 ;
in:1231 out:1231 type:B dur:2 cpbdur:2 q:24.63 aq:18.41 tex:30999 mv:13158 misc:6195 imb:250 pmb:1717 smb:6193 d:t ref:0 ;
in:1230 out:1232 type:b dur:2 cpbdur:2 q:24.63 aq:18.77 tex:14196 mv:6031 misc:4589 imb:169 pmb:909 smb:7082 d:s ref:0 ;
in:1232 out:1233 type:b dur:2 cpbdur:2 q:24.63 aq:18.84 tex:14197 mv:6369 misc:4554 imb:184 pmb:896 smb:7080 d:- ref:0 ;
in:1237 out:1234 type:P dur:2 cpbdur:2 q:24.52 aq:17.71 tex:202491 mv:23426 misc:6451 imb:1524 pmb:2609 smb:4027 d:s ref:0 ;
in:1235 out:1235 type:B dur:2 cpbdur:2 q:24.57 aq:18.53 tex:33092 mv:12429 misc:6167 imb:266 pmb:1657 smb:6237 d:t ref:0 ;
in:1234 out:1236 type:b dur:2 cpbdur:2 q:24.57 aq:18.88 tex:17621 mv:5898 misc:4513 imb:182 pmb:924 smb:7054 d:s ref:0 ;
in:1236 out:1237 type:b dur:2 cpbdur:2 q:24.57 aq:18.72 tex:18721 mv:6805 misc:4930 imb:203 pmb:1037 smb:6920 d:- ref:0 ;
in:1241 out:1238 type:P dur:2 cpbdur:2 q:24.46 aq:17.57 tex:210030 mv:23999 misc:6611 imb:1483 pmb:2732 smb:3945 d:s ref:0 ;
in:1239 out:1239 type:B dur:2 cpbdur:2 q:24.52 aq:18.44 tex:37037 mv:13301 misc:6230 imb:292 pmb:1762 smb:6106 d:t ref:0 ;
in:1238 out:1240 type:b dur:2 cpbdur:2 q:24.52 aq:18.42 tex:15242 mv:5947 misc:4659 imb:180 pmb:917 smb:7063 d:s ref:0 ;
in:1240 out:1241 type:b dur:2 cpbdur:2 q:24.52 aq:18.43 tex:16346 mv:6003 misc:4555 imb:188 pmb:863 smb:7109 d:- ref:0 ;
in:1245 out:1242 type:P dur:2 cpbdur:2 q:24.41 aq:17.62 tex:225865 mv:23912 misc:6255 imb:1520 pmb:2701 smb:3939 d:s ref:0 ;
in:1243 out:1243 type:B dur:2 cpbdur:2 q:24.46 aq:18.47 tex:33478 mv:13180 misc:6126 imb:265 pmb:1704 smb:6191 d:s ref:0 ;
in:1242 out:1244 type:b dur:2 cpbdur:2 q:24.46 aq:18.43 tex:18580 mv:6127 misc:4517 imb:161 pmb:932 smb:7067 d:s ref:0 ;
in:1244 out:1245 type:b dur:2 cpbdur:2 q:24.46 aq:18.27 tex:19694 mv:7193 misc:4809 imb:198 pmb:1002 smb:6960 d:- ref:0 ;
in:1249 out:1246 type:P dur:2 cpbdur:2 q:24.36 aq:17.59 tex:228554 mv:24260 misc:6498 imb:1552 pmb:2748 smb:3860 d:s ref:0 ;
in:1247 out:1247 type:B dur:2 cpbdur:2 q:24.41 aq:18.39 tex:32712 mv:12916 misc:6052 imb:274 pmb:1624 smb:6262 d:s ref:0 ;
in:1246 out:1248 type:b dur:2 cpbdur:2 q:24.41 aq:18.66 tex:21661 mv:7911 misc:4996 imb:224 pmb:1065 smb:6871 d:s ref:0 ;
in:1248 out:1249 type:b dur:2 cpbdur:2 q:24.41 aq:18.59 tex:16482 mv:6053 misc:4617 imb:176 pmb:905 smb:7079 d:- ref:0 ;
in:1253 out:1250 type:P dur:2 cpbdur:2 q:24.32 aq:17.50 tex:243433 mv:24695 misc:6192 imb:1481 pmb:2811 smb:3868 d:s ref:0 ;
in:1251 out:1251 type:B dur:2 cpbdur:2 q:24.36 aq:18.17 tex:36796 mv:13434 misc:6378 imb:303 pmb:1856 smb:6001 d:s ref:0 ;
in:1250 out:1252 type:b dur:2 cpbdur:2 q:24.36 aq:18.41 tex:21378 mv:6723 misc:4731 imb:183 pmb:981 smb:6996 d:s ref:0 ;
in:1252 out:1253 type:b dur:2 cpbdur:2 q:24.36 aq:18.32 tex:26236 mv:7621 misc:4719 imb:247 pmb:995 smb:6918 d:- ref:0 ;
in:1257 out:1254 type:P dur:2 cpbdur:2 q:24.28 aq:17.41 tex:241297 mv:24269 misc:6322 imb:1514 pmb:2815 smb:3831 d:s ref:0 ;
in:1255 out:1255 type:B dur:2 cpbdur:2 q:24.32 aq:18.06 tex:34843 mv:10869 misc:5968 imb:273 pmb:1493 smb:6394 d:s ref:0 ;
in:1254 out:1256 type:b dur:2 cpbdur:2 q:24.32 aq:18.42 tex:27694 mv:8413 misc:4965 imb:264 pmb:1098 smb:6798 d:s ref:0 ;
in:1256 out:1257 type:b dur:2 cpbdur:2 q:24.32 aq:18.46 tex:24786 mv:7020 misc:4570 imb:228 pmb:934 smb:6998 d:- ref:0 ;
in:1261 out:1258 type:P dur:2 cpbdur:2 q:24.24 aq:17.39 tex:242833 mv:24343 misc:6144 imb:1497 pmb:2838 smb:3825 d:s ref:0 ;
in:1259 out:1259 type:B dur:2 cpbdur:2 q:24.28 aq:18.04 tex:40315 mv:13018 misc:6139 imb:313 pmb:1717 smb:6130 d:t ref:0 ;
in:1258 out:1260 type:b dur:2 cpbdur:2 q:24.28 aq:18.26 tex:26103 mv:7269 misc:4588 imb:229 pmb:988 smb:6943 d:s ref:0 ;
in:1260 out:1261 type:b dur:2 cpbdur:2 q:24.28 aq:18.08 tex:35355 mv:8681 misc:4740 imb:277 pmb:1083 smb:6800 d:- ref:0 ;
in:1265 out:1262 type:P dur:2 cpbdur:2 q:24.20 aq:17.30 tex:247843 mv:23962 misc:6011 imb:1503 pmb:2838 smb:3819 d:s ref:0 ;
in:1263 out:1263 type:B dur:2 cpbdur:2 q:24.24 aq:18.00 tex:44261 mv:12930 misc:6153 imb:319 pmb:1724 smb:6117 d:s ref:0 ;
in:1262 out:1264 type:b dur:2 cpbdur:2 q:24.24 aq:18.53 tex:30911 mv:9242 misc:5143 imb:272 pmb:1226 smb:6662 d:s ref:0 ;
in:1264 out:1265 type:b dur:2 cpbdur:2 q:24.24 aq:18.07 tex:31925 mv:7984 misc:4739 imb:286 pmb:1009 smb:6865 d:- ref:0 ;
in:1269 out:1266 type:P dur:2 cpbdur:2 q:24.17 aq:17.26 tex:245576 mv:24123 misc:6061 imb:1582 pmb:2805 smb:3773 d:s ref:0 ;
in:1267 out:1267 type:B dur:2 cpbdur:2 q:24.20 aq:17.81 tex:57425 mv:14642 misc:6333 imb:392 pmb:1877 smb:5891 d:s ref:0 ;
in:1266 out:1268 type:b dur:2 cpbdur:2 q:24.20 aq:18.48 tex:29366 mv:9264 misc:5002 imb:274 pmb:1170 smb:6716 d:s ref:0 ;
in:1268 out:1269 type:b dur:2 cpbdur:2 q:24.20 aq:18.29 tex:24742 mv:6893 misc:4621 imb:224 pmb:939 smb:6997 d:- ref:0 ;
in:1273 out:1270 type:P dur:2 cpbdur:2 q:24.14 aq:17.15 tex:241767 mv:23537 misc:6008 imb:1457 pmb:2815 smb:3888 d:s ref:0 ;
in:1271 out:1271 type:B dur:2 cpbdur:2 q:24.17 aq:17.84 tex:53874 mv:13770 misc:6124 imb:384 pmb:1727 smb:6049 d:s ref:0 ;
in:1270 out:1272 type:b dur:2 cpbdur:2 q:24.17 aq:18.44 tex:39526 mv:9414 misc:4748 imb:288 pmb:1205 smb:6667 d:s ref:0 ;
in:1272 out:1273 type:b dur:2 cpbdur:2 q:24.17 aq:18.22 tex:29502 mv:8076 misc:4558 imb:276 pmb:988 smb:6896 d:- ref:0 ;
in:1277 out:1274 type:P dur:2 cpbdur:2 q:24.11 aq:17.22 tex:253380 mv:25272 misc:6020 imb:1586 pmb:2864 smb:3710 d:s ref:0 ;
in:1275 out:1275 type:B dur:2 cpbdur:2 q:24.14 aq:18.12 tex:49183 mv:13957 misc:6140 imb:330 pmb:1770 smb:6060 d:s ref:0 ;
in:1274 out:1276 type:b dur:2 cpbdur:2 q:24.14 aq:17.88 tex:25300 mv:7536 misc:5068 imb:263 pmb:1097 smb:6800 d:s ref:0 ;
in:1276 out:1277 type:b dur:2 cpbdur:2 q:24.14 aq:18.37 tex:44818 mv:12410 misc:5588 imb:351 pmb:1522 smb:6287 d:- ref:0 ;
in:1281 out:1278 type:P dur:2 cpbdur:2 q:24.08 aq:17.22 tex:234421 mv:22980 misc:6263 imb:1414 pmb:2705 smb:4041 d:s ref:0 ;
in:1279 out:1279 type:B dur:2 cpbdur:2 q:24.11 aq:17.87 tex:38983 mv:11524 misc:5885 imb:310 pmb:1468 smb:6382 d:s ref:0 ;
in:1278 out:1280 type:b dur:2 cpbdur:2 q:24.11 aq:18.14 tex:27294 mv:7606 misc:5076 imb:230 pmb:1136 smb:6794 d:s ref:0 ;
in:1280 out:1281 type:b dur:2 cpbdur:2 q:24.11 aq:18.20 tex:39532 mv:9362 misc:4858 imb:326 pmb:1107 smb:6727 d:- ref:0 ;
in:1285 out:1282 type:P dur:2 cpbdur:2 q:24.05 aq:17.20 tex:221804 mv:23194 misc:6122 imb:1375 pmb:2732 smb:4053 d:s ref:0 ;
in:1283 out:1283 type:B dur:2 cpbdur:2 q:24.08 aq:17.83 tex:51399 mv:12616 misc:5705 imb:383 pmb:1478 smb:6299 d:s ref:0 ;
in:1282 out:1284 type:b dur:2 cpbdur:2 q:24.08 aq:18.15 tex:21719 mv:6323 misc:4494 imb:225 pmb:835 smb:7100 d:s ref:0 ;
in:1284 out:1285 type:b dur:2 cpbdur:2 q:24.08 aq:18.41 tex:29576 mv:8274 misc:4678 imb:259 pmb:1025 smb:6876 d:- ref:0 ;
in:1289 out:1286 type:P dur:2 cpbdur:2 q:24.01 aq:17.03 tex:204378 mv:21510 misc:6328 imb:1330 pmb:2605 smb:4225 d:s ref:0 ;
in:1287 out:1287 type:B dur:2 cpbdur:2 q:24.05 aq:17.58 tex:48781 mv:10761 misc:5674 imb:360 pmb:1374 smb:6426 d:s ref:0 ;
in:1286 out:1288 type:b dur:2 cpbdur:2 q:24.05 aq:17.88 tex:34589 mv:8309 misc:4606 imb:268 pmb:1058 smb:6834 d:s ref:0 ;
in:1288 out:1289 type:b dur:2 cpbdur:2 q:24.05 aq:17.95 tex:38341 mv:8273 misc:4842 imb:278 pmb:1130 smb:6752 d:- ref:0 ;
in:1293 out:1290 type:P dur:2 cpbdur:2 q:23.97 aq:17.15 tex:199040 mv:21945 misc:6319 imb:1305 pmb:2623 smb:4232 d:s ref:0 ;
in:1291 out:1291 type:B dur:2 cpbdur:2 q:24.01 aq:17.64 tex:34590 mv:9406 misc:5756 imb:307 pmb:1283 smb:6570 d:s ref:0 ;
in:1290 out:1292 type:b dur:2 cpbdur:2 q:24.01 aq:18.02 tex:36504 mv:8768 misc:4928 imb:275 pmb:1185 smb:6700 d:s ref:0 ;
in:1292 out:1293 type:b dur:2 cpbdur:2 q:24.01 aq:17.93 tex:36702 mv:8648 misc:4506 imb:296 pmb:1046 smb:6818 d:- ref:0 ;
in:1297 out:1294 type:P dur:2 cpbdur:2 q:23.92 aq:17.09 tex:212543 mv:22727 misc:6042 imb:1307 pmb:2691 smb:4162 d:s ref:0 ;
in:1295 out:1295 type:B dur:2 cpbdur:2 q:23.97 aq:17.46 tex:52479 mv:11954 misc:5735 imb:347 pmb:1515 smb:6298 d:s ref:0 ;
in:1294 out:1296 type:b dur:2 cpbdur:2 q:23.97 aq:17.95 tex:34876 mv:8766 misc:5158 imb:305 pmb:1174 smb:6681 d:s ref:0 ;
in:1296 out:1297 type:b dur:2 cpbdur:2 q:23.97 aq:17.80 tex:30107 mv:8201 misc:4812 imb:295 pmb:1022 smb:6843 d:- ref:0 ;
in:1301 out:1298 type:P dur:2 cpbdur:2 q:23.89 aq:17.14 tex:195273 mv:22320 misc:6175 imb:1375 pmb:2638 smb:4147 d:s ref:0 ;
in:1299 out:1299 type:B dur:2 cpbdur:2 q:23.92 aq:17.35 tex:51519 mv:12028 misc:5877 imb:420 pmb:1467 smb:6273 d:s ref:0 ;
in:1298 out:1300 type:b dur:2 cpbdur:2 q:23.92 aq:17.90 tex:26479 mv:7200 misc:4753 imb:242 pmb:986 smb:6932 d:s ref:0 ;
in:1300 out:1301 type:b dur:2 cpbdur:2 q:23.92 aq:17.75 tex:28608 mv:7984 misc:5200 imb:250 pmb:1156 smb:6754 d:- ref:0 ;
in:1305 out:1302 type:P dur:2 cpbdur:2 q:23.84 aq:17.18 tex:224774 mv:23924 misc:6166 imb:1460 pmb:2775 smb:3925 d:s ref:0 ;
in:1303 out:1303 type:B dur:2 cpbdur:2 q:23.89 aq:17.70 tex:55958 mv:13658 misc:6192 imb:416 pmb:1696 smb:6048 d:s ref:0 ;
in:1302 out:1304 type:b dur:2 cpbdur:2 q:23.89 aq:17.76 tex:31251 mv:8790 misc:5503 imb:301 pmb:1231 smb:6628 d:s ref:0 ;
in:1304 out:1305 type:b dur:2 cpbdur:2 q:23.89 aq:17.69 tex:29095 mv:8173 misc:5332 imb:294 pmb:1139 smb:6727 d:- ref:0 ;
in:1309 out:1306 type:P dur:2 cpbdur:2 q:23.81 aq:17.59 tex:242415 mv:26401 misc:5944 imb:1700 pmb:2948 smb:3512 d:s ref:0 ;
in:1307 out:1307 type:B dur:2 cpbdur:2 q:23.84 aq:17.79 tex:67445 mv:18033 misc:6554 imb:475 pmb:2041 smb:5644 d:s ref:0 ;
in:1306 out:1308 type:b dur:2 cpbdur:2 q:23.84 aq:18.01 tex:43310 mv:11764 misc:5526 imb:337 pmb:1466 smb:6357 d:s ref:0 ;
in:1308 out:1309 type:b dur:2 cpbdur:2 q:23.84 aq:17.83 tex:30021 mv:9636 misc:5215 imb:311 pmb:1145 smb:6704 d:- ref:0 ;
in:1313 out:1310 type:P dur:2 cpbdur:2 q:23.78 aq:17.76 tex:214572 mv:24488 misc:6124 imb:1899 pmb:2447 smb:3814 d:s ref:0 ;
in:1311 out:1311 type:B dur:2 cpbdur:2 q:23.81 aq:17.73 tex:85745 mv:18197 misc:6554 imb:415 pmb:2136 smb:5609 d:s ref:0 ;
in:1310 out:1312 type:b dur:2 cpbdur:2 q:23.81 aq:17.81 tex:44592 mv:12344 misc:5504 imb:389 pmb:1361 smb:6410 d:s ref:0 ;
in:1312 out:1313 type:b dur:2 cpbdur:2 q:23.81 aq:17.97 tex:55935 mv:12600 misc:5129 imb:352 pmb:1327 smb:6481 d:- ref:0 ;
in:1317 out:1314 type:P dur:2 cpbdur:2 q:23.77 aq:17.70 tex:201027 mv:36284 misc:4601 imb:4210 pmb:2255 smb:1695 d:s ref:0 w:7,127,0 ;
in:1315 out:1315 type:B dur:2 cpbdur:2 q:23.78 aq:17.84 tex:82984 mv:25829 misc:7355 imb:836 pmb:2555 smb:4769 d:s ref:0 ;
in:1314 out:1316 type:b dur:2 cpbdur:2 q:23.78 aq:18.53 tex:49888 mv:14372 misc:5820 imb:313 pmb:1664 smb:6183 d:s ref:0 ;
in:1316 out:1317 type:b dur:2 cpbdur:2 q:23.78 aq:17.72 tex:38153 mv:13510 misc:6049 imb:458 pmb:1577 smb:6125 d:- ref:0 ;
in:1320 out:1318 type:P dur:2 cpbdur:2 q:23.74 aq:7.00 tex:0 mv:0 misc:488 imb:0 pmb:0 smb:8160 d:s ref:0 w:0,0,25,7,1,127,1,127 ;
in:1318 out:1319 type:B dur:2 cpbdur:2 q:23.77 aq:14.00 tex:89207 mv:22760 misc:465 imb:2759 pmb:5401 smb:0 d:s ref:0 ;
in:1319 out:1320 type:b dur:2 cpbdur:2 q:23.77 aq:9.00 tex:57 mv:23 misc:440 imb:0 pmb:4 smb:8156 d:- ref:0 ;
in:1321 out:1321 type:P dur:2 cpbdur:2 q:23.66 aq:14.56 tex:110479 mv:18213 misc:396 imb:6480 pmb:1680 smb:0 d:s ref:0 ;
in:1322 out:1322 type:P dur:2 cpbdur:2 q:23.66 aq:14.77 tex:64283 mv:35928 misc:6333 imb:3855 pmb:2457 smb:1848 d:s ref:0 ;
in:1323 out:1323 type:P dur:2 cpbdur:2 q:23.65 aq:14.44 tex:65585 mv:35882 misc:5925 imb:4057 pmb:2346 smb:1757 d:s ref:0 ;
in:1324 out:1324 type:P dur:2 cpbdur:2 q:23.65 aq:15.00 tex:63562 mv:30728 misc:7350 imb:3679 pmb:1890 smb:2591 d:s ref:0 ;
in:1325 out:1325 type:I dur:2 cpbdur:2 q:20.94 aq:1.56 tex:24886 mv:5190 misc:476 imb:8160 pmb:0 smb:0 d:s ref:;
in:1327 out:1326 type:P dur:2 cpbdur:2 q:23.66 aq:2.73 tex:27864 mv:3908 misc:524 imb:7917 pmb:194 smb:49 d:s ref:0 ;
in:1326 out:1327 type:b dur:2 cpbdur:2 q:23.66 aq:9.15 tex:29848 mv:3224 misc:296 imb:13 pmb:8089 smb:58 d:s ref:0 ;
in:1330 out:1328 type:P dur:2 cpbdur:2 q:23.57 aq:9.07 tex:120464 mv:15631 misc:1065 imb:6110 pmb:1992 smb:58 d:s ref:0 ;
in:1328 out:1329 type:B dur:2 cpbdur:2 q:23.65 aq:21.85 tex:2219 mv:1579 misc:850 imb:23 pmb:204 smb:7933 d:s ref:0 ;
in:1329 out:1330 type:b dur:2 cpbdur:2 q:23.65 aq:14.91 tex:68574 mv:37793 misc:7057 imb:1819 pmb:4108 smb:2233 d:- ref:0 ;
in:1334 out:1331 type:P dur:2 cpbdur:2 q:23.52 aq:4.46 tex:39356 mv:3933 misc:7503 imb:4147 pmb:151 smb:3862 d:s ref:0 ;
in:1332 out:1332 type:B dur:2 cpbdur:2 q:23.57 aq:5.95 tex:1324 mv:1697 misc:1643 imb:111 pmb:255 smb:7794 d:s ref:0 ;
in:1331 out:1333 type:b dur:2 cpbdur:2 q:23.57 aq:9.17 tex:152 mv:803 misc:693 imb:13 pmb:96 smb:8051 d:s ref:0 ;
in:1333 out:1334 type:b dur:2 cpbdur:2 q:23.57 aq:20.97 tex:1151 mv:833 misc:736 imb:14 pmb:151 smb:7995 d:- ref:0 ;
in:1335 out:1335 type:P dur:2 cpbdur:2 q:23.41 aq:19.64 tex:30316 mv:2244 misc:896 imb:123 pmb:176 smb:7861 d:s ref:0 ;
in:1338 out:1336 type:P dur:2 cpbdur:2 q:23.39 aq:6.62 tex:51315 mv:3687 misc:926 imb:170 pmb:279 smb:7711 d:s ref:0 ;
in:1336 out:1337 type:B dur:2 cpbdur:2 q:23.41 aq:11.02 tex:3550 mv:1673 misc:945 imb:17 pmb:282 smb:7861 d:s ref:0 ;
in:1337 out:1338 type:b dur:2 cpbdur:2 q:23.41 aq:21.21 tex:1426 mv:1272 misc:902 imb:24 pmb:243 smb:7893 d:- ref:0 ;
in:1340 out:1339 type:P dur:2 cpbdur:2 q:23.30 aq:5.23 tex:15339 mv:1934 misc:1119 imb:77 pmb:266 smb:7817 d:s ref:0 ;
in:1339 out:1340 type:b dur:2 cpbdur:2 q:23.39 aq:8.50 tex:251 mv:664 misc:869 imb:4 pmb:227 smb:7929 d:s ref:0 ;
in:1343 out:1341 type:P dur:2 cpbdur:2 q:23.23 aq:17.15 tex:14593 mv:1373 misc:1066 imb:79 pmb:146 smb:7935 d:s ref:0 ;
in:1341 out:1342 type:B dur:2 cpbdur:2 q:23.30 aq:5.08 tex:827 mv:1044 misc:857 imb:31 pmb:129 smb:8000 d:s ref:0 ;
in:1342 out:1343 type:b dur:2 cpbdur:2 q:23.30 aq:10.79 tex:192 mv:651 misc:733 imb:5 pmb:116 smb:8039 d:- ref:0 ;
in:1344 out:1344 type:P dur:2 cpbdur:2 q:23.13 aq:7.00 tex:36906 mv:1350 misc:1040 imb:90 pmb:148 smb:7922 d:s ref:0 ;
in:1346 out:1345 type:P dur:2 cpbdur:2 q:23.11 aq:4.23 tex:49509 mv:2521 misc:1162 imb:90 pmb:261 smb:7809 d:s ref:0 ;
in:1345 out:1346 type:b dur:2 cpbdur:2 q:23.13 aq:11.32 tex:5022 mv:1715 misc:935 imb:27 pmb:252 smb:7881 d:s ref:0 ;
in:1347 out:1347 type:P dur:2 cpbdur:2 q:23.05 aq:8.50 tex:37429 mv:1656 misc:1203 imb:61 pmb:255 smb:7844 d:s ref:0 ;
in:1349 out:1348 type:P dur:2 cpbdur:2 q:23.02 aq:4.43 tex:58023 mv:2366 misc:1379 imb:132 pmb:332 smb:7696 d:s ref:0 ;
in:1348 out:1349 type:b dur:2 cpbdur:2 q:23.05 aq:18.50 tex:4047 mv:907 misc:1086 imb:8 pmb:302 smb:7850 d:s ref:0 ;
in:1350 out:1350 type:P dur:2 cpbdur:2 q:22.97 aq:4.47 tex:53818 mv:1988 misc:1210 imb:81 pmb:290 smb:7789 d:s ref:0 ;
in:1351 out:1351 type:P dur:2 cpbdur:2 q:22.95 aq:4.24 tex:63669 mv:1764 misc:1215 imb:49 pmb:295 smb:7816 d:s ref:0 ;
in:1353 out:1352 type:P dur:2 cpbdur:2 q:22.92 aq:10.64 tex:69315 mv:2168 misc:1285 imb:65 pmb:349 smb:7746 d:s ref:0 ;
in:1352 out:1353 type:b dur:2 cpbdur:2 q:22.95 aq:17.11 tex:4658 mv:1240 misc:830 imb:19 pmb:185 smb:7956 d:t ref:0 ;
in:1357 out:1354 type:P dur:2 cpbdur:2 q:22.88 aq:3.75 tex:35599 mv:1663 misc:1194 imb:79 pmb:296 smb:7785 d:s ref:0 ;
in:1355 out:1355 type:B dur:2 cpbdur:2 q:22.92 aq:16.72 tex:1219 mv:1041 misc:876 imb:6 pmb:142 smb:8012 d:s ref:0 ;
in:1354 out:1356 type:b dur:2 cpbdur:2 q:22.92 aq:17.78 tex:1288 mv:832 misc:760 imb:8 pmb:128 smb:8024 d:t ref:0 ;
in:1356 out:1357 type:b dur:2 cpbdur:2 q:22.92 aq:10.42 tex:752 mv:749 misc:843 imb:3 pmb:166 smb:7991 d:- ref:0 ;
in:1361 out:1358 type:P dur:2 cpbdur:2 q:22.76 aq:6.57 tex:23831 mv:899 misc:1310 imb:47 pmb:267 smb:7846 d:s ref:0 ;
in:1359 out:1359 type:B dur:2 cpbdur:2 q:22.88 aq:17.98 tex:989 mv:354 misc:697 imb:3 pmb:71 smb:8086 d:t ref:0 ;
in:1358 out:1360 type:b dur:2 cpbdur:2 q:22.88 aq:8.64 tex:415 mv:167 misc:602 imb:2 pmb:59 smb:8099 d:s ref:0 ;
in:1360 out:1361 type:b dur:2 cpbdur:2 q:22.88 aq:8.49 tex:569 mv:153 misc:598 imb:3 pmb:58 smb:8099 d:- ref:0 ;
in:1365 out:1362 type:P dur:2 cpbdur:2 q:22.63 aq:10.51 tex:21628 mv:536 misc:1244 imb:26 pmb:268 smb:7866 d:s ref:0 ;
in:1363 out:1363 type:B dur:2 cpbdur:2 q:22.76 aq:6.95 tex:606 mv:127 misc:531 imb:5 pmb:12 smb:8143 d:s ref:0 ;
in:1362 out:1364 type:b dur:2 cpbdur:2 q:22.76 aq:17.29 tex:511 mv:98 misc:511 imb:2 pmb:12 smb:8146 d:s ref:0 ;
in:1364 out:1365 type:b dur:2 cpbdur:2 q:22.76 aq:13.56 tex:565 mv:77 misc:454 imb:4 pmb:5 smb:8151 d:- ref:0 ;
in:1369 out:1366 type:P dur:2 cpbdur:2 q:22.50 aq:10.51 tex:19118 mv:473 misc:1297 imb:26 pmb:245 smb:7889 d:s ref:0 ;
in:1367 out:1367 type:B dur:2 cpbdur:2 q:22.63 aq:12.30 tex:1119 mv:116 misc:557 imb:4 pmb:19 smb:8137 d:s ref:0 ;
in:1366 out:1368 type:b dur:2 cpbdur:2 q:22.63 aq:12.73 tex:375 mv:97 misc:480 imb:3 pmb:8 smb:8149 d:s ref:0 ;
in:1368 out:1369 type:b dur:2 cpbdur:2 q:22.63 aq:13.12 tex:347 mv:66 misc:451 imb:4 pmb:1 smb:8155 d:- ref:0 ;
in:1373 out:1370 type:P dur:2 cpbdur:2 q:22.37 aq:11.03 tex:54948 mv:784 misc:1332 imb:70 pmb:264 smb:7826 d:s ref:0 ;
in:1371 out:1371 type:B dur:2 cpbdur:2 q:22.50 aq:6.93 tex:724 mv:211 misc:681 imb:6 pmb:63 smb:8091 d:s ref:0 ;
in:1370 out:1372 type:b dur:2 cpbdur:2 q:22.50 aq:13.75 tex:664 mv:92 misc:532 imb:2 pmb:15 smb:8143 d:s ref:0 ;
in:1372 out:1373 type:b dur:2 cpbdur:2 q:22.50 aq:13.79 tex:3369 mv:645 misc:642 imb:4 pmb:84 smb:8072 d:- ref:0 ;
in:1375 out:1374 type:P dur:2 cpbdur:2 q:22.24 aq:6.95 tex:41977 mv:1264 misc:1319 imb:77 pmb:237 smb:7846 d:s ref:0 ;
in:1374 out:1375 type:b dur:2 cpbdur:2 q:22.36 aq:10.66 tex:1366 mv:885 misc:669 imb:21 pmb:59 smb:8080 d:s ref:0 ;
in:1379 out:1376 type:P dur:2 cpbdur:2 q:22.18 aq:6.90 tex:46695 mv:941 misc:1332 imb:34 pmb:260 smb:7866 d:s ref:0 ;
in:1377 out:1377 type:B dur:2 cpbdur:2 q:22.24 aq:9.60 tex:4778 mv:743 misc:767 imb:7 pmb:119 smb:8034 d:s ref:0 ;
in:1376 out:1378 type:b dur:2 cpbdur:2 q:22.24 aq:9.66 tex:1322 mv:504 misc:630 imb:10 pmb:54 smb:8096 d:s ref:0 ;
in:1378 out:1379 type:b dur:2 cpbdur:2 q:22.24 aq:16.58 tex:1359 mv:453 misc:628 imb:6 pmb:56 smb:8098 d:- ref:0 ;
in:1383 out:1380 type:P dur:2 cpbdur:2 q:22.06 aq:6.85 tex:36276 mv:755 misc:1257 imb:36 pmb:220 smb:7904 d:s ref:0 ;
in:1381 out:1381 type:B dur:2 cpbdur:2 q:22.18 aq:17.08 tex:3301 mv:476 misc:703 imb:5 pmb:103 smb:8052 d:s ref:0 ;
in:1380 out:1382 type:b dur:2 cpbdur:2 q:22.18 aq:16.83 tex:1097 mv:456 misc:607 imb:4 pmb:86 smb:8070 d:s ref:0 ;
in:1382 out:1383 type:b dur:2 cpbdur:2 q:22.18 aq:15.45 tex:1058 mv:164 misc:538 imb:7 pmb:14 smb:8139 d:- ref:0 ;
in:1387 out:1384 type:P dur:2 cpbdur:2 q:21.93 aq:5.48 tex:29467 mv:825 misc:1308 imb:42 pmb:239 smb:7879 d:s ref:0 ;
in:1385 out:1385 type:B dur:2 cpbdur:2 q:22.06 aq:16.64 tex:2279 mv:404 misc:725 imb:8 pmb:73 smb:8079 d:s ref:0 ;
in:1384 out:1386 type:b dur:2 cpbdur:2 q:22.06 aq:15.38 tex:769 mv:356 misc:571 imb:3 pmb:49 smb:8108 d:s ref:0 ;
in:1386 out:1387 type:b dur:2 cpbdur:2 q:22.06 aq:16.16 tex:615 mv:118 misc:475 imb:3 pmb:8 smb:8149 d:- ref:0 ;
in:1391 out:1388 type:P dur:2 cpbdur:2 q:21.80 aq:8.29 tex:24759 mv:565 misc:1380 imb:34 pmb:274 smb:7852 d:s ref:0 ;
in:1389 out:1389 type:B dur:2 cpbdur:2 q:21.93 aq:17.23 tex:2120 mv:240 misc:648 imb:6 pmb:38 smb:8116 d:s ref:0 ;
in:1388 out:1390 type:b dur:2 cpbdur:2 q:21.93 aq:15.06 tex:1200 mv:111 misc:513 imb:4 pmb:15 smb:8141 d:s ref:0 ;
in:1390 out:1391 type:b dur:2 cpbdur:2 q:21.93 aq:16.11 tex:1733 mv:122 misc:497 imb:6 pmb:12 smb:8142 d:- ref:0 ;
in:1395 out:1392 type:P dur:2 cpbdur:2 q:21.67 aq:5.29 tex:20509 mv:588 misc:1351 imb:34 pmb:228 smb:7898 d:s ref:0 ;
in:1393 out:1393 type:B dur:2 cpbdur:2 q:21.80 aq:13.19 tex:2255 mv:253 misc:660 imb:3 pmb:45 smb:8112 d:s ref:0 ;
in:1392 out:1394 type:b dur:2 cpbdur:2 q:21.80 aq:16.48 tex:509 mv:102 misc:501 imb:2 pmb:16 smb:8142 d:s ref:0 ;
in:1394 out:1395 type:b dur:2 cpbdur:2 q:21.80 aq:16.35 tex:1383 mv:115 misc:534 imb:2 pmb:20 smb:8138 d:- ref:0 ;
in:1399 out:1396 type:P dur:2 cpbdur:2 q:21.53 aq:11.17 tex:16089 mv:469 misc:1386 imb:26 pmb:230 smb:7904 d:s ref:0 ;
in:1397 out:1397 type:B dur:2 cpbdur:2 q:21.67 aq:16.51 tex:1686 mv:191 misc:635 imb:5 pmb:35 smb:8120 d:t ref:0 ;
in:1396 out:1398 type:b dur:2 cpbdur:2 q:21.67 aq:11.96 tex:848 mv:126 misc:514 imb:4 pmb:13 smb:8143 d:s ref:0 ;
in:1398 out:1399 type:b dur:2 cpbdur:2 q:21.67 aq:12.51 tex:884 mv:99 misc:481 imb:5 pmb:6 smb:8149 d:- ref:0 ;
in:1403 out:1400 type:P dur:2 cpbdur:2 q:21.40 aq:7.54 tex:15848 mv:480 misc:1368 imb:29 pmb:223 smb:7908 d:s ref:0 ;
in:1401 out:1401 type:B dur:2 cpbdur:2 q:21.53 aq:16.55 tex:1594 mv:178 misc:612 imb:4 pmb:31 smb:8125 d:s ref:0 ;
in:1400 out:1402 type:b dur:2 cpbdur:2 q:21.53 aq:11.65 tex:793 mv:140 misc:515 imb:7 pmb:10 smb:8143 d:s ref:0 ;
in:1402 out:1403 type:b dur:2 cpbdur:2 q:21.53 aq:12.15 tex:1245 mv:125 misc:502 imb:7 pmb:8 smb:8145 d:- ref:0 ;
in:1407 out:1404 type:P dur:2 cpbdur:2 q:21.26 aq:9.40 tex:18903 mv:539 misc:1454 imb:34 pmb:261 smb:7865 d:s ref:0 ;
in:1405 out:1405 type:B dur:2 cpbdur:2 q:21.40 aq:11.20 tex:1588 mv:197 misc:631 imb:6 pmb:35 smb:8119 d:s ref:0 ;
in:1404 out:1406 type:b dur:2 cpbdur:2 q:21.40 aq:12.18 tex:1070 mv:158 misc:548 imb:6 pmb:16 smb:8138 d:s ref:0 ;
in:1406 out:1407 type:b dur:2 cpbdur:2 q:21.40 aq:11.65 tex:732 mv:143 misc:493 imb:6 pmb:8 smb:8146 d:- ref:0 ;
in:1411 out:1408 type:P dur:2 cpbdur:2 q:21.12 aq:4.84 tex:15491 mv:501 misc:1432 imb:32 pmb:229 smb:7899 d:s ref:0 ;
in:1409 out:1409 type:B dur:2 cpbdur:2 q:21.26 aq:17.20 tex:1201 mv:147 misc:612 imb:1 pmb:32 smb:8127 d:s ref:0 ;
in:1408 out:1410 type:b dur:2 cpbdur:2 q:21.26 aq:12.19 tex:945 mv:142 misc:521 imb:8 pmb:9 smb:8143 d:s ref:0 ;
in:1410 out:1411 type:b dur:2 cpbdur:2 q:21.26 aq:11.56 tex:638 mv:110 misc:516 imb:3 pmb:13 smb:8144 d:- ref:0 ;
in:1415 out:1412 type:P dur:2 cpbdur:2 q:20.99 aq:9.34 tex:18512 mv:478 misc:1370 imb:30 pmb:232 smb:7898 d:s ref:0 ;
in:1413 out:1413 type:B dur:2 cpbdur:2 q:21.12 aq:15.97 tex:1542 mv:193 misc:641 imb:3 pmb:35 smb:8122 d:s ref:0 ;
in:1412 out:1414 type:b dur:2 cpbdur:2 q:21.12 aq:11.46 tex:422 mv:97 misc:481 imb:2 pmb:8 smb:8150 d:s ref:0 ;
in:1414 out:1415 type:b dur:2 cpbdur:2 q:21.12 aq:11.54 tex:1222 mv:97 misc:505 imb:4 pmb:12 smb:8144 d:- ref:0 ;
in:1419 out:1416 type:P dur:2 cpbdur:2 q:20.85 aq:8.90 tex:18596 mv:609 misc:1459 imb:39 pmb:238 smb:7883 d:s ref:0 ;
in:1417 out:1417 type:B dur:2 cpbdur:2 q:20.99 aq:15.34 tex:1979 mv:165 misc:640 imb:4 pmb:35 smb:8121 d:s ref:0 ;
in:1416 out:1418 type:b dur:2 cpbdur:2 q:20.99 aq:12.02 tex:770 mv:105 misc:525 imb:5 pmb:11 smb:8144 d:s ref:0 ;
in:1418 out:1419 type:b dur:2 cpbdur:2 q:20.99 aq:17.45 tex:875 mv:112 misc:525 imb:1 pmb:17 smb:8142 d:- ref:0 ;
in:1423 out:1420 type:P dur:2 cpbdur:2 q:20.71 aq:10.07 tex:18668 mv:532 misc:1400 imb:34 pmb:228 smb:7898 d:s ref:0 ;
in:1421 out:1421 type:B dur:2 cpbdur:2 q:20.85 aq:6.06 tex:1767 mv:158 misc:643 imb:2 pmb:36 smb:8122 d:s ref:0 ;
in:1420 out:1422 type:b dur:2 cpbdur:2 q:20.85 aq:12.18 tex:942 mv:110 misc:524 imb:6 pmb:11 smb:8143 d:s ref:0 ;
in:1422 out:1423 type:b dur:2 cpbdur:2 q:20.85 aq:11.36 tex:798 mv:84 misc:486 imb:4 pmb:9 smb:8147 d:- ref:0 ;
in:1427 out:1424 type:P dur:2 cpbdur:2 q:20.58 aq:5.88 tex:18827 mv:567 misc:1454 imb:34 pmb:249 smb:7877 d:s ref:0 ;
in:1425 out:1425 type:B dur:2 cpbdur:2 q:20.71 aq:15.94 tex:1696 mv:212 misc:644 imb:6 pmb:33 smb:8121 d:s ref:0 ;
in:1424 out:1426 type:b dur:2 cpbdur:2 q:20.71 aq:11.49 tex:1160 mv:134 misc:506 imb:7 pmb:9 smb:8144 d:s ref:0 ;
in:1426 out:1427 type:b dur:2 cpbdur:2 q:20.71 aq:11.48 tex:815 mv:91 misc:486 imb:5 pmb:6 smb:8149 d:- ref:0 ;
in:1431 out:1428 type:P dur:2 cpbdur:2 q:20.44 aq:5.84 tex:16787 mv:468 misc:1385 imb:23 pmb:225 smb:7912 d:s ref:0 ;
in:1429 out:1429 type:B dur:2 cpbdur:2 q:20.58 aq:16.61 tex:1344 mv:190 misc:594 imb:3 pmb:30 smb:8127 d:s ref:0 ;
in:1428 out:1430 type:b dur:2 cpbdur:2 q:20.58 aq:10.90 tex:1394 mv:134 misc:528 imb:5 pmb:13 smb:8142 d:s ref:0 ;
in:1430 out:1431 type:b dur:2 cpbdur:2 q:20.58 aq:10.67 tex:1017 mv:114 misc:509 imb:6 pmb:8 smb:8146 d:- ref:0 ;
in:1435 out:1432 type:P dur:2 cpbdur:2 q:20.30 aq:7.16 tex:17990 mv:559 misc:1403 imb:36 pmb:220 smb:7904 d:s ref:0 ;
in:1433 out:1433 type:B dur:2 cpbdur:2 q:20.44 aq:11.77 tex:2351 mv:234 misc:679 imb:5 pmb:44 smb:8111 d:s ref:0 ;
in:1432 out:1434 type:b dur:2 cpbdur:2 q:20.44 aq:10.59 tex:846 mv:156 misc:518 imb:5 pmb:12 smb:8143 d:s ref:0 ;
in:1434 out:1435 type:b dur:2 cpbdur:2 q:20.44 aq:10.62 tex:1464 mv:112 misc:504 imb:6 pmb:9 smb:8145 d:- ref:0 ;
in:1439 out:1436 type:P dur:2 cpbdur:2 q:20.16 aq:9.07 tex:20934 mv:541 misc:1477 imb:37 pmb:246 smb:7877 d:s ref:0 ;
in:1437 out:1437 type:B dur:2 cpbdur:2 q:20.30 aq:14.29 tex:2052 mv:223 misc:645 imb:5 pmb:37 smb:8118 d:s ref:0 ;
in:1436 out:1438 type:b dur:2 cpbdur:2 q:20.30 aq:10.51 tex:883 mv:100 misc:497 imb:2 pmb:11 smb:8147 d:s ref:0 ;
in:1438 out:1439 type:b dur:2 cpbdur:2 q:20.30 aq:11.24 tex:961 mv:99 misc:508 imb:4 pmb:11 smb:8145 d:- ref:0 ;
in:1443 out:1440 type:P dur:2 cpbdur:2 q:20.02 aq:6.06 tex:19575 mv:538 misc:1431 imb:31 pmb:251 smb:7878 d:s ref:0 ;
in:1441 out:1441 type:B dur:2 cpbdur:2 q:20.16 aq:15.52 tex:2572 mv:283 misc:665 imb:6 pmb:39 smb:8115 d:s ref:0 ;
in:1440 out:1442 type:b dur:2 cpbdur:2 q:20.16 aq:10.49 tex:1247 mv:137 misc:528 imb:6 pmb:12 smb:8142 d:s ref:0 ;
in:1442 out:1443 type:b dur:2 cpbdur:2 q:20.16 aq:10.68 tex:1619 mv:142 misc:519 imb:6 pmb:12 smb:8142 d:- ref:0 ;
in:1447 out:1444 type:P dur:2 cpbdur:2 q:19.88 aq:7.81 tex:21967 mv:603 misc:1502 imb:42 pmb:260 smb:7858 d:s ref:0 ;
in:1445 out:1445 type:B dur:2 cpbdur:2 q:20.02 aq:15.43 tex:2441 mv:261 misc:682 imb:7 pmb:43 smb:8110 d:s ref:0 ;
in:1444 out:1446 type:b dur:2 cpbdur:2 q:20.02 aq:10.65 tex:933 mv:125 misc:518 imb:5 pmb:11 smb:8144 d:s ref:0 ;
in:1446 out:1447 type:b dur:2 cpbdur:2 q:20.02 aq:10.58 tex:1754 mv:160 misc:510 imb:9 pmb:7 smb:8144 d:- ref:0 ;
in:1451 out:1448 type:P dur:2 cpbdur:2 q:19.75 aq:7.10 tex:24815 mv:606 misc:1507 imb:38 pmb:262 smb:7860 d:s ref:0 ;
in:1449 out:1449 type:B dur:2 cpbdur:2 q:19.88 aq:8.73 tex:1927 mv:247 misc:698 imb:6 pmb:41 smb:8113 d:s ref:0 ;
in:1448 out:1450 type:b dur:2 cpbdur:2 q:19.88 aq:15.02 tex:1058 mv:163 misc:555 imb:3 pmb:19 smb:8138 d:s ref:0 ;
in:1450 out:1451 type:b dur:2 cpbdur:2 q:19.88 aq:15.26 tex:1199 mv:184 misc:545 imb:5 pmb:17 smb:8138 d:- ref:0 ;
in:1455 out:1452 type:P dur:2 cpbdur:2 q:19.61 aq:7.47 tex:21900 mv:530 misc:1458 imb:31 pmb:245 smb:7884 d:s ref:0 ;
in:1453 out:1453 type:B dur:2 cpbdur:2 q:19.75 aq:8.08 tex:2215 mv:246 misc:699 imb:8 pmb:38 smb:8114 d:s ref:0 ;
in:1452 out:1454 type:b dur:2 cpbdur:2 q:19.75 aq:9.88 tex:1998 mv:181 misc:533 imb:8 pmb:11 smb:8141 d:s ref:0 ;
in:1454 out:1455 type:b dur:2 cpbdur:2 q:19.75 aq:11.09 tex:977 mv:130 misc:509 imb:4 pmb:12 smb:8144 d:- ref:0 ;
in:1459 out:1456 type:P dur:2 cpbdur:2 q:19.47 aq:5.69 tex:21736 mv:514 misc:1414 imb:29 pmb:244 smb:7887 d:s ref:0 ;
in:1457 out:1457 type:B dur:2 cpbdur:2 q:19.61 aq:8.24 tex:2810 mv:288 misc:710 imb:8 pmb:45 smb:8107 d:s ref:0 ;
in:1456 out:1458 type:b dur:2 cpbdur:2 q:19.61 aq:15.86 tex:1105 mv:110 misc:521 imb:3 pmb:13 smb:8144 d:s ref:0 ;
in:1458 out:1459 type:b dur:2 cpbdur:2 q:19.61 aq:15.38 tex:1559 mv:127 misc:546 imb:4 pmb:16 smb:8140 d:- ref:0 ;
in:1463 out:1460 type:P dur:2 cpbdur:2 q:19.33 aq:4.35 tex:21899 mv:517 misc:1424 imb:30 pmb:238 smb:7892 d:s ref:0 ;
in:1461 out:1461 type:B dur:2 cpbdur:2 q:19.47 aq:15.39 tex:3271 mv:263 misc:698 imb:10 pmb:43 smb:8107 d:s ref:0 ;
in:1460 out:1462 type:b dur:2 cpbdur:2 q:19.47 aq:6.94 tex:1228 mv:160 misc:540 imb:5 pmb:14 smb:8141 d:s ref:0 ;
in:1462 out:1463 type:b dur:2 cpbdur:2 q:19.47 aq:10.17 tex:1243 mv:126 misc:527 imb:3 pmb:14 smb:8143 d:- ref:0 ;
in:1467 out:1464 type:P dur:2 cpbdur:2 q:19.19 aq:9.52 tex:19701 mv:526 misc:1341 imb:32 pmb:222 smb:7906 d:s ref:0 ;
in:1465 out:1465 type:B dur:2 cpbdur:2 q:19.33 aq:15.05 tex:3221 mv:265 misc:706 imb:9 pmb:43 smb:8108 d:s ref:0 ;
in:1464 out:1466 type:b dur:2 cpbdur:2 q:19.33 aq:5.36 tex:1556 mv:148 misc:536 imb:7 pmb:13 smb:8140 d:s ref:0 ;
in:1466 out:1467 type:b dur:2 cpbdur:2 q:19.33 aq:7.19 tex:1754 mv:128 misc:550 imb:4 pmb:17 smb:8139 d:- ref:0 ;
in:1471 out:1468 type:P dur:2 cpbdur:2 q:19.05 aq:3.82 tex:18994 mv:561 misc:1381 imb:38 pmb:208 smb:7914 d:s ref:0 ;
in:1469 out:1469 type:B dur:2 cpbdur:2 q:19.19 aq:10.10 tex:3470 mv:273 misc:705 imb:8 pmb:49 smb:8103 d:s ref:0 ;
in:1468 out:1470 type:b dur:2 cpbdur:2 q:19.19 aq:10.03 tex:899 mv:170 misc:539 imb:7 pmb:13 smb:8140 d:s ref:0 ;
in:1470 out:1471 type:b dur:2 cpbdur:2 q:19.19 aq:7.27 tex:1685 mv:231 misc:548 imb:7 pmb:15 smb:8138 d:- ref:0 ;
in:1475 out:1472 type:P dur:2 cpbdur:2 q:18.91 aq:5.71 tex:19247 mv:532 misc:1341 imb:37 pmb:218 smb:7905 d:s ref:0 ;
in:1473 out:1473 type:B dur:2 cpbdur:2 q:19.05 aq:13.41 tex:2984 mv:254 misc:730 imb:7 pmb:50 smb:8103 d:s ref:0 ;
in:1472 out:1474 type:b dur:2 cpbdur:2 q:19.05 aq:7.03 tex:1843 mv:143 misc:526 imb:9 pmb:9 smb:8142 d:s ref:0 ;
in:1474 out:1475 type:b dur:2 cpbdur:2 q:19.05 aq:14.06 tex:2105 mv:203 misc:580 imb:7 pmb:20 smb:8133 d:- ref:0 ;
in:1479 out:1476 type:P dur:2 cpbdur:2 q:18.76 aq:5.28 tex:17429 mv:479 misc:1260 imb:31 pmb:176 smb:7953 d:s ref:0 ;
in:1477 out:1477 type:B dur:2 cpbdur:2 q:18.90 aq:12.53 tex:3466 mv:212 misc:730 imb:6 pmb:48 smb:8106 d:s ref:0 ;
in:1476 out:1478 type:b dur:2 cpbdur:2 q:18.91 aq:9.60 tex:1299 mv:191 misc:558 imb:5 pmb:20 smb:8135 d:s ref:0 ;
in:1478 out:1479 type:b dur:2 cpbdur:2 q:18.90 aq:9.07 tex:1284 mv:158 misc:534 imb:3 pmb:17 smb:8140 d:- ref:0 ;
in:1483 out:1480 type:P dur:2 cpbdur:2 q:18.62 aq:4.08 tex:13680 mv:460 misc:1236 imb:30 pmb:161 smb:7969 d:s ref:0 ;
in:1481 out:1481 type:B dur:2 cpbdur:2 q:18.76 aq:9.55 tex:2908 mv:378 misc:858 imb:7 pmb:81 smb:8072 d:s ref:0 ;
in:1480 out:1482 type:b dur:2 cpbdur:2 q:18.76 aq:12.59 tex:2110 mv:207 misc:595 imb:4 pmb:28 smb:8128 d:s ref:0 ;
in:1482 out:1483 type:b dur:2 cpbdur:2 q:18.76 aq:5.00 tex:1729 mv:180 misc:555 imb:7 pmb:15 smb:8138 d:- ref:0 ;
in:1487 out:1484 type:P dur:2 cpbdur:2 q:18.48 aq:7.52 tex:11630 mv:436 misc:1142 imb:31 pmb:122 smb:8007 d:s ref:0 ;
in:1485 out:1485 type:B dur:2 cpbdur:2 q:18.62 aq:10.91 tex:3554 mv:326 misc:816 imb:8 pmb:71 smb:8081 d:s ref:0 ;
in:1484 out:1486 type:b dur:2 cpbdur:2 q:18.62 aq:4.81 tex:1886 mv:214 misc:596 imb:8 pmb:22 smb:8130 d:s ref:0 ;
in:1486 out:1487 type:b dur:2 cpbdur:2 q:18.62 aq:8.89 tex:1204 mv:125 misc:527 imb:3 pmb:15 smb:8142 d:- ref:0 ;
in:1491 out:1488 type:P dur:2 cpbdur:2 q:18.33 aq:8.03 tex:10025 mv:514 misc:1117 imb:31 pmb:124 smb:8005 d:s ref:0 ;
in:1489 out:1489 type:B dur:2 cpbdur:2 q:18.47 aq:13.02 tex:3855 mv:272 misc:817 imb:6 pmb:70 smb:8084 d:s ref:0 ;
in:1488 out:1490 type:b dur:2 cpbdur:2 q:18.48 aq:8.68 tex:1825 mv:207 misc:584 imb:7 pmb:21 smb:8132 d:s ref:0 ;
in:1490 out:1491 type:b dur:2 cpbdur:2 q:18.47 aq:14.02 tex:1921 mv:153 misc:526 imb:4 pmb:14 smb:8142 d:- ref:0 ;
in:1495 out:1492 type:P dur:2 cpbdur:2 q:18.18 aq:8.21 tex:8689 mv:498 misc:1053 imb:38 pmb:91 smb:8031 d:s ref:0 ;
in:1493 out:1493 type:B dur:2 cpbdur:2 q:18.33 aq:9.20 tex:3680 mv:283 misc:821 imb:5 pmb:66 smb:8089 d:s ref:0 ;
in:1492 out:1494 type:b dur:2 cpbdur:2 q:18.33 aq:8.50 tex:1481 mv:176 misc:559 imb:3 pmb:21 smb:8136 d:s ref:0 ;
in:1494 out:1495 type:b dur:2 cpbdur:2 q:18.33 aq:14.06 tex:1736 mv:148 misc:524 imb:6 pmb:12 smb:8142 d:- ref:0 ;
in:1499 out:1496 type:P dur:2 cpbdur:2 q:18.04 aq:8.30 tex:7256 mv:477 misc:987 imb:35 pmb:79 smb:8046 d:s ref:0 ;
in:1497 out:1497 type:B dur:2 cpbdur:2 q:18.18 aq:12.25 tex:3732 mv:268 misc:744 imb:7 pmb:60 smb:8093 d:s ref:0 ;
in:1496 out:1498 type:b dur:2 cpbdur:2 q:18.18 aq:14.02 tex:1014 mv:173 misc:549 imb:1 pmb:21 smb:8138 d:s ref:0 ;
in:1498 out:1499 type:b dur:2 cpbdur:2 q:18.18 aq:11.92 tex:1893 mv:180 misc:559 imb:3 pmb:20 smb:8137 d:- ref:0 ;
in:1503 out:1500 type:P dur:2 cpbdur:2 q:17.89 aq:8.68 tex:6495 mv:406 misc:835 imb:32 pmb:44 smb:8084 d:s ref:0 ;
in:1501 out:1501 type:B dur:2 cpbdur:2 q:18.04 aq:10.51 tex:3742 mv:256 misc:698 imb:7 pmb:45 smb:8108 d:s ref:0 ;
in:1500 out:1502 type:b dur:2 cpbdur:2 q:18.04 aq:10.70 tex:1784 mv:157 misc:515 imb:7 pmb:11 smb:8142 d:s ref:0 ;
in:1502 out:1503 type:b dur:2 cpbdur:2 q:18.04 aq:14.30 tex:1936 mv:153 misc:519 imb:5 pmb:12 smb:8143 d:- ref:0 ;
in:1507 out:1504 type:P dur:2 cpbdur:2 q:17.74 aq:8.39 tex:3631 mv:265 misc:648 imb:17 pmb:21 smb:8122 d:s ref:0 ;
in:1505 out:1505 type:B dur:2 cpbdur:2 q:17.89 aq:7.59 tex:4075 mv:220 misc:681 imb:7 pmb:41 smb:8112 d:s ref:0 ;
in:1504 out:1506 type:b dur:2 cpbdur:2 q:17.89 aq:8.50 tex:1803 mv:115 misc:514 imb:7 pmb:8 smb:8145 d:s ref:0 ;
in:1506 out:1507 type:b dur:2 cpbdur:2 q:17.89 aq:8.65 tex:1971 mv:188 misc:585 imb:6 pmb:22 smb:8132 d:- ref:0 ;
in:1508 out:1508 type:P dur:2 cpbdur:2 q:17.59 aq:8.97 tex:2829 mv:194 misc:601 imb:13 pmb:10 smb:8137 d:s ref:0 ;
